id,source_course,title,side_to_move,fen,goal
1,Checkmate Pattern Atlas,Back-rank mate,White,6k1/5ppp/8/8/8/8/5PPP/3R2K1 w - - 0 1,White to move. Find checkmate in one and name every escape square that is controlled or occupied.
2,Checkmate Pattern Atlas,Back-rank mate - reversed colors,Black,3r2k1/5ppp/8/8/8/8/5PPP/6K1 b - - 0 1,Black to move. Find checkmate in one. Explain the same geometry from the opposite orientation.
3,Checkmate Pattern Atlas,Smothered mate,White,6rk/6pp/7N/8/8/8/6PP/6K1 w - - 0 1,White to move. Find checkmate in one and name every escape square that is controlled or occupied.
4,Checkmate Pattern Atlas,Smothered mate - reversed colors,Black,6k1/6pp/8/8/8/7n/6PP/6RK b - - 0 1,Black to move. Find checkmate in one. Explain the same geometry from the opposite orientation.
5,Checkmate Pattern Atlas,Arabian mate,White,7k/R7/5N2/8/8/8/8/6K1 w - - 0 1,White to move. Find checkmate in one and name every escape square that is controlled or occupied.
6,Checkmate Pattern Atlas,Arabian mate - reversed colors,Black,6k1/8/8/8/8/5n2/r7/7K b - - 0 1,Black to move. Find checkmate in one. Explain the same geometry from the opposite orientation.
7,Checkmate Pattern Atlas,Epaulette mate,White,5rkr/8/7Q/8/8/2B5/8/6K1 w - - 0 1,White to move. Find checkmate in one and name every escape square that is controlled or occupied.
8,Checkmate Pattern Atlas,Epaulette mate - reversed colors,Black,6k1/8/2b5/8/8/7q/8/5RKR b - - 0 1,Black to move. Find checkmate in one. Explain the same geometry from the opposite orientation.
9,Checkmate Pattern Atlas,Ladder mate,White,k7/1R6/2K5/8/8/8/8/7R w - - 0 1,White to move. Find checkmate in one and name every escape square that is controlled or occupied.
10,Checkmate Pattern Atlas,Ladder mate - reversed colors,Black,7r/8/8/8/8/2k5/1r6/K7 b - - 0 1,Black to move. Find checkmate in one. Explain the same geometry from the opposite orientation.
11,Checkmate Pattern Atlas,Queen box mate,White,7k/8/5KQ1/8/8/8/8/8 w - - 0 1,White to move. Find checkmate in one and name every escape square that is controlled or occupied.
12,Checkmate Pattern Atlas,Queen box mate - reversed colors,Black,8/8/8/8/8/5kq1/8/7K b - - 0 1,Black to move. Find checkmate in one. Explain the same geometry from the opposite orientation.
13,Checkmate Pattern Atlas,Rook box mate,White,7k/8/6K1/8/8/8/8/R7 w - - 0 1,White to move. Find checkmate in one and name every escape square that is controlled or occupied.
14,Checkmate Pattern Atlas,Rook box mate - reversed colors,Black,r7/8/8/8/8/6k1/8/7K b - - 0 1,Black to move. Find checkmate in one. Explain the same geometry from the opposite orientation.
15,Checkmate Pattern Atlas,Rook-and-bishop back rank,White,6k1/5ppp/8/8/8/1B6/8/4R1K1 w - - 0 1,White to move. Find checkmate in one and name every escape square that is controlled or occupied.
16,Checkmate Pattern Atlas,Rook-and-bishop back rank - reversed colors,Black,4r1k1/8/1b6/8/8/8/5PPP/6K1 b - - 0 1,Black to move. Find checkmate in one. Explain the same geometry from the opposite orientation.
17,Checkmate Pattern Atlas,Queen-and-bishop battery,White,7k/6pp/8/8/8/2B5/6Q1/6K1 w - - 0 1,White to move. Find checkmate in one and name every escape square that is controlled or occupied.
18,Checkmate Pattern Atlas,Queen-and-bishop battery - reversed colors,Black,6k1/6q1/2b5/8/8/8/6PP/7K b - - 0 1,Black to move. Find checkmate in one. Explain the same geometry from the opposite orientation.
19,Checkmate Pattern Atlas,Queen-and-knight mate,White,7k/6pp/5N2/8/4Q3/8/8/6K1 w - - 0 1,White to move. Find checkmate in one and name every escape square that is controlled or occupied.
20,Checkmate Pattern Atlas,Queen-and-knight mate - reversed colors,Black,6k1/8/8/4q3/8/5n2/6PP/7K b - - 0 1,Black to move. Find checkmate in one. Explain the same geometry from the opposite orientation.
21,Checkmate Pattern Atlas,Double-bishop mate,White,7k/5Kpp/8/4B3/8/2B5/8/8 w - - 0 1,White to move. Find checkmate in one and name every escape square that is controlled or occupied.
22,Checkmate Pattern Atlas,Double-bishop mate - reversed colors,Black,8/8/2b5/8/4b3/8/5kPP/7K b - - 0 1,Black to move. Find checkmate in one. Explain the same geometry from the opposite orientation.
23,Checkmate Pattern Atlas,Rook-and-bishop corridor,White,6k1/6pp/3N4/1B6/8/8/8/K3R3 w - - 0 1,White to move. Find checkmate in one and name every escape square that is controlled or occupied.
24,Checkmate Pattern Atlas,Rook-and-bishop corridor - reversed colors,Black,k3r3/8/8/8/1b6/3n4/6PP/6K1 b - - 0 1,Black to move. Find checkmate in one. Explain the same geometry from the opposite orientation.
25,Tactics by Difficulty,Back-rank mate,White,6k1/5ppp/8/8/8/8/5PPP/3R2K1 w - - 0 1,White to move. Find checkmate in one and name every escape square that is controlled or occupied.
26,Tactics by Difficulty,Smothered mate - reversed colors,Black,6k1/6pp/8/8/8/7n/6PP/6RK b - - 0 1,Black to move. Find checkmate in one. Explain the same geometry from the opposite orientation.
27,Tactics by Difficulty,Epaulette mate,White,5rkr/8/7Q/8/8/2B5/8/6K1 w - - 0 1,White to move. Find checkmate in one and name every escape square that is controlled or occupied.
28,Tactics by Difficulty,Ladder mate - reversed colors,Black,7r/8/8/8/8/2k5/1r6/K7 b - - 0 1,Black to move. Find checkmate in one. Explain the same geometry from the opposite orientation.
29,Tactics by Difficulty,Rook box mate,White,7k/8/6K1/8/8/8/8/R7 w - - 0 1,White to move. Find checkmate in one and name every escape square that is controlled or occupied.
30,Tactics by Difficulty,Rook-and-bishop back rank - reversed colors,Black,4r1k1/8/1b6/8/8/8/5PPP/6K1 b - - 0 1,Black to move. Find checkmate in one. Explain the same geometry from the opposite orientation.
31,Tactics by Difficulty,Queen-and-knight mate,White,7k/6pp/5N2/8/4Q3/8/8/6K1 w - - 0 1,White to move. Find checkmate in one and name every escape square that is controlled or occupied.
32,Tactics by Difficulty,Double-bishop mate - reversed colors,Black,8/8/2b5/8/4b3/8/5kPP/7K b - - 0 1,Black to move. Find checkmate in one. Explain the same geometry from the opposite orientation.
33,Tactics by Difficulty,Rook skewer - reverse view,Black,4r1k1/8/8/8/8/8/8/Q5K1 b - - 0 1,Find the strongest move. Calculate the opponent's best resistance and evaluate the endpoint before checking the solution.
34,Tactics by Difficulty,Knight double attack - reverse view,Black,6k1/8/8/8/4n3/8/8/3QK3 b - - 0 1,Find the strongest move. Calculate the opponent's best resistance and evaluate the endpoint before checking the solution.
35,Tactics by Difficulty,Loose queen,White,6k1/8/8/3q4/8/2N5/8/6K1 w - - 0 1,Find the strongest move. Calculate the opponent's best resistance and evaluate the endpoint before checking the solution.
36,Tactics by Difficulty,Rook skewer,White,q5k1/8/8/8/8/8/8/4R1K1 w - - 0 1,Find the strongest move. Calculate the opponent's best resistance and evaluate the endpoint before checking the solution.
37,Tactics by Difficulty,Bishop skewer,White,7k/8/8/8/8/4B3/8/q5K1 w - - 0 1,Find the strongest move. Calculate the opponent's best resistance and evaluate the endpoint before checking the solution.
38,Tactics by Difficulty,Pawn fork,White,6k1/3r1r2/8/4P3/8/8/8/6K1 w - - 0 1,Find the strongest move. Calculate the opponent's best resistance and evaluate the endpoint before checking the solution.
39,Tactics by Difficulty,Pawn fork - reverse view,Black,6k1/8/8/8/4p3/8/3R1R2/6K1 b - - 0 1,Find the strongest move. Calculate the opponent's best resistance and evaluate the endpoint before checking the solution.
40,Tactics by Difficulty,Capture with check - reverse view,Black,6k1/8/8/8/8/8/1q6/R5K1 b - - 0 1,Find the strongest move. Calculate the opponent's best resistance and evaluate the endpoint before checking the solution.
41,Tactics by Difficulty,Royal fork,White,q3k3/8/8/1N6/8/8/8/6K1 w - - 0 1,Find the strongest move. Calculate the opponent's best resistance and evaluate the endpoint before checking the solution.
42,Tactics by Difficulty,Back-rank geometry,White,6k1/5ppp/8/8/8/8/4QPPP/3R2K1 w - - 0 1,Find the strongest move. Calculate the opponent's best resistance and evaluate the endpoint before checking the solution.
43,Tactics by Difficulty,Promotion tactic,White,4k3/P7/8/8/8/8/7q/6K1 w - - 0 1,Find the strongest move. Calculate the opponent's best resistance and evaluate the endpoint before checking the solution.
44,Tactics by Difficulty,Capture with check,White,r5k1/1Q6/8/8/8/8/8/6K1 w - - 0 1,Find the strongest move. Calculate the opponent's best resistance and evaluate the endpoint before checking the solution.
45,Tactics by Difficulty,Rook double attack - reverse view,Black,r5k1/4Q3/8/8/8/8/8/4K3 b - - 0 1,Find the strongest move. Calculate the opponent's best resistance and evaluate the endpoint before checking the solution.
46,Tactics by Difficulty,Discovered attack,White,3q2k1/8/8/3N4/8/8/8/3R2K1 w - - 0 1,Find the strongest move. Calculate the opponent's best resistance and evaluate the endpoint before checking the solution.
47,Tactics by Difficulty,Royal fork - reverse view,Black,6k1/8/8/8/1n6/8/8/Q3K3 b - - 0 1,Find the strongest move. Calculate the opponent's best resistance and evaluate the endpoint before checking the solution.
48,Tactics by Difficulty,Loose queen - reverse view,Black,6k1/8/2n5/8/3Q4/8/8/6K1 b - - 0 1,Find the strongest move. Calculate the opponent's best resistance and evaluate the endpoint before checking the solution.
49,Tactics by Difficulty,Promotion tactic - reverse view,Black,6k1/7Q/8/8/8/8/p7/4K3 b - - 0 1,Find the strongest move. Calculate the opponent's best resistance and evaluate the endpoint before checking the solution.
50,Tactics by Difficulty,Back-rank geometry - reverse view,Black,3r2k1/4qppp/8/8/8/8/5PPP/6K1 b - - 0 1,Find the strongest move. Calculate the opponent's best resistance and evaluate the endpoint before checking the solution.
51,Tactics by Difficulty,Removing the guard - reverse view,Black,6k1/8/8/2b5/7q/8/5PPP/6K1 b - - 0 1,Find the strongest move. Calculate the opponent's best resistance and evaluate the endpoint before checking the solution.
52,Tactics by Difficulty,Knight double attack,White,3qk3/8/8/4N3/8/8/8/6K1 w - - 0 1,Find the strongest move. Calculate the opponent's best resistance and evaluate the endpoint before checking the solution.
53,Tactics by Difficulty,Discovered attack - reverse view,Black,3r2k1/8/8/8/3n4/8/8/3Q2K1 b - - 0 1,Find the strongest move. Calculate the opponent's best resistance and evaluate the endpoint before checking the solution.
54,Tactics by Difficulty,Rook double attack,White,4k3/8/8/8/8/8/4q3/R5K1 w - - 0 1,Find the strongest move. Calculate the opponent's best resistance and evaluate the endpoint before checking the solution.
55,Tactics by Difficulty,Removing the guard,White,6k1/5ppp/8/7Q/2B5/8/8/6K1 w - - 0 1,Find the strongest move. Calculate the opponent's best resistance and evaluate the endpoint before checking the solution.
56,Tactics by Difficulty,Bishop skewer - reverse view,Black,Q5k1/8/4b3/8/8/8/8/7K b - - 0 1,Find the strongest move. Calculate the opponent's best resistance and evaluate the endpoint before checking the solution.
57,Defensive Tactics Workbook,Stop Back-rank mate,Black,6k1/5ppp/8/8/8/8/5PPP/3R2K1 b - - 0 1,"The opponent threatens a mating pattern. Find the most resilient defense. Consider capture, exchange, block, flight square, countercheck, material return, and counterattack before choosing."
58,Defensive Tactics Workbook,Stop Back-rank mate - reversed colors,White,3r2k1/5ppp/8/8/8/8/5PPP/6K1 w - - 0 1,"The opponent threatens a mating pattern. Find the most resilient defense. Consider capture, exchange, block, flight square, countercheck, material return, and counterattack before choosing."
59,Defensive Tactics Workbook,Stop Smothered mate,Black,6rk/6pp/7N/8/8/8/6PP/6K1 b - - 0 1,"The opponent threatens a mating pattern. Find the most resilient defense. Consider capture, exchange, block, flight square, countercheck, material return, and counterattack before choosing."
60,Defensive Tactics Workbook,Stop Smothered mate - reversed colors,White,6k1/6pp/8/8/8/7n/6PP/6RK w - - 0 1,"The opponent threatens a mating pattern. Find the most resilient defense. Consider capture, exchange, block, flight square, countercheck, material return, and counterattack before choosing."
61,Defensive Tactics Workbook,Stop Arabian mate,Black,7k/R7/5N2/8/8/8/8/6K1 b - - 0 1,"The opponent threatens a mating pattern. Find the most resilient defense. Consider capture, exchange, block, flight square, countercheck, material return, and counterattack before choosing."
62,Defensive Tactics Workbook,Stop Arabian mate - reversed colors,White,6k1/8/8/8/8/5n2/r7/7K w - - 0 1,"The opponent threatens a mating pattern. Find the most resilient defense. Consider capture, exchange, block, flight square, countercheck, material return, and counterattack before choosing."
63,Defensive Tactics Workbook,Stop Epaulette mate,Black,5rkr/8/7Q/8/8/2B5/8/6K1 b - - 0 1,"The opponent threatens a mating pattern. Find the most resilient defense. Consider capture, exchange, block, flight square, countercheck, material return, and counterattack before choosing."
64,Defensive Tactics Workbook,Stop Epaulette mate - reversed colors,White,6k1/8/2b5/8/8/7q/8/5RKR w - - 0 1,"The opponent threatens a mating pattern. Find the most resilient defense. Consider capture, exchange, block, flight square, countercheck, material return, and counterattack before choosing."
65,Defensive Tactics Workbook,Stop Ladder mate,Black,k7/1R6/2K5/8/8/8/8/7R b - - 0 1,"The opponent threatens a mating pattern. Find the most resilient defense. Consider capture, exchange, block, flight square, countercheck, material return, and counterattack before choosing."
66,Defensive Tactics Workbook,Stop Ladder mate - reversed colors,White,7r/8/8/8/8/2k5/1r6/K7 w - - 0 1,"The opponent threatens a mating pattern. Find the most resilient defense. Consider capture, exchange, block, flight square, countercheck, material return, and counterattack before choosing."
67,Defensive Tactics Workbook,Stop Queen box mate,Black,7k/8/5KQ1/8/8/8/8/8 b - - 0 1,"The opponent threatens a mating pattern. Find the most resilient defense. Consider capture, exchange, block, flight square, countercheck, material return, and counterattack before choosing."
68,Defensive Tactics Workbook,Stop Queen box mate - reversed colors,White,8/8/8/8/8/5kq1/8/7K w - - 0 1,"The opponent threatens a mating pattern. Find the most resilient defense. Consider capture, exchange, block, flight square, countercheck, material return, and counterattack before choosing."
69,Defensive Tactics Workbook,Stop Rook box mate,Black,7k/8/6K1/8/8/8/8/R7 b - - 0 1,"The opponent threatens a mating pattern. Find the most resilient defense. Consider capture, exchange, block, flight square, countercheck, material return, and counterattack before choosing."
70,Defensive Tactics Workbook,Stop Rook box mate - reversed colors,White,r7/8/8/8/8/6k1/8/7K w - - 0 1,"The opponent threatens a mating pattern. Find the most resilient defense. Consider capture, exchange, block, flight square, countercheck, material return, and counterattack before choosing."
71,Defensive Tactics Workbook,Stop Rook-and-bishop back rank,Black,6k1/5ppp/8/8/8/1B6/8/4R1K1 b - - 0 1,"The opponent threatens a mating pattern. Find the most resilient defense. Consider capture, exchange, block, flight square, countercheck, material return, and counterattack before choosing."
72,Defensive Tactics Workbook,Stop Rook-and-bishop back rank - reversed colors,White,4r1k1/8/1b6/8/8/8/5PPP/6K1 w - - 0 1,"The opponent threatens a mating pattern. Find the most resilient defense. Consider capture, exchange, block, flight square, countercheck, material return, and counterattack before choosing."
73,Defensive Tactics Workbook,Stop Queen-and-bishop battery,Black,7k/6pp/8/8/8/2B5/6Q1/6K1 b - - 0 1,"The opponent threatens a mating pattern. Find the most resilient defense. Consider capture, exchange, block, flight square, countercheck, material return, and counterattack before choosing."
74,Defensive Tactics Workbook,Stop Queen-and-bishop battery - reversed colors,White,6k1/6q1/2b5/8/8/8/6PP/7K w - - 0 1,"The opponent threatens a mating pattern. Find the most resilient defense. Consider capture, exchange, block, flight square, countercheck, material return, and counterattack before choosing."
75,Defensive Tactics Workbook,Stop Queen-and-knight mate,Black,7k/6pp/5N2/8/4Q3/8/8/6K1 b - - 0 1,"The opponent threatens a mating pattern. Find the most resilient defense. Consider capture, exchange, block, flight square, countercheck, material return, and counterattack before choosing."
76,Defensive Tactics Workbook,Stop Queen-and-knight mate - reversed colors,White,6k1/8/8/4q3/8/5n2/6PP/7K w - - 0 1,"The opponent threatens a mating pattern. Find the most resilient defense. Consider capture, exchange, block, flight square, countercheck, material return, and counterattack before choosing."
77,Defensive Tactics Workbook,Stop Double-bishop mate,Black,7k/5Kpp/8/4B3/8/2B5/8/8 b - - 0 1,"The opponent threatens a mating pattern. Find the most resilient defense. Consider capture, exchange, block, flight square, countercheck, material return, and counterattack before choosing."
78,Defensive Tactics Workbook,Stop Double-bishop mate - reversed colors,White,8/8/2b5/8/4b3/8/5kPP/7K w - - 0 1,"The opponent threatens a mating pattern. Find the most resilient defense. Consider capture, exchange, block, flight square, countercheck, material return, and counterattack before choosing."
79,Defensive Tactics Workbook,Stop Rook-and-bishop corridor,Black,6k1/6pp/3N4/1B6/8/8/8/K3R3 b - - 0 1,"The opponent threatens a mating pattern. Find the most resilient defense. Consider capture, exchange, block, flight square, countercheck, material return, and counterattack before choosing."
80,Defensive Tactics Workbook,Stop Rook-and-bishop corridor - reversed colors,White,k3r3/8/8/8/1b6/3n4/6PP/6K1 w - - 0 1,"The opponent threatens a mating pattern. Find the most resilient defense. Consider capture, exchange, block, flight square, countercheck, material return, and counterattack before choosing."
81,Calculation Test Laboratory,Calculation test 1: Back-rank mate,White,6k1/5ppp/8/8/8/8/5PPP/3R2K1 w - - 0 1,"Write exactly three candidates. Calculate each until checks, major captures, and direct threats settle. Give a one-sentence endpoint evaluation."
82,Calculation Test Laboratory,Calculation test 2: Smothered mate - reversed colors,Black,6k1/6pp/8/8/8/7n/6PP/6RK b - - 0 1,"Write exactly three candidates. Calculate each until checks, major captures, and direct threats settle. Give a one-sentence endpoint evaluation."
83,Calculation Test Laboratory,Calculation test 3: Epaulette mate,White,5rkr/8/7Q/8/8/2B5/8/6K1 w - - 0 1,"Write exactly three candidates. Calculate each until checks, major captures, and direct threats settle. Give a one-sentence endpoint evaluation."
84,Calculation Test Laboratory,Calculation test 4: Ladder mate - reversed colors,Black,7r/8/8/8/8/2k5/1r6/K7 b - - 0 1,"Write exactly three candidates. Calculate each until checks, major captures, and direct threats settle. Give a one-sentence endpoint evaluation."
85,Calculation Test Laboratory,Calculation test 5: Rook box mate,White,7k/8/6K1/8/8/8/8/R7 w - - 0 1,"Write exactly three candidates. Calculate each until checks, major captures, and direct threats settle. Give a one-sentence endpoint evaluation."
86,Calculation Test Laboratory,Calculation test 6: Rook-and-bishop back rank - reversed colors,Black,4r1k1/8/1b6/8/8/8/5PPP/6K1 b - - 0 1,"Write exactly three candidates. Calculate each until checks, major captures, and direct threats settle. Give a one-sentence endpoint evaluation."
87,Calculation Test Laboratory,Calculation test 7: Queen-and-knight mate,White,7k/6pp/5N2/8/4Q3/8/8/6K1 w - - 0 1,"Write exactly three candidates. Calculate each until checks, major captures, and direct threats settle. Give a one-sentence endpoint evaluation."
88,Calculation Test Laboratory,Calculation test 8: Double-bishop mate - reversed colors,Black,8/8/2b5/8/4b3/8/5kPP/7K b - - 0 1,"Write exactly three candidates. Calculate each until checks, major captures, and direct threats settle. Give a one-sentence endpoint evaluation."
89,Calculation Test Laboratory,Calculation test 9: Rook skewer - reverse view,Black,4r1k1/8/8/8/8/8/8/Q5K1 b - - 0 1,"Write exactly three candidates. Calculate each until checks, major captures, and direct threats settle. Give a one-sentence endpoint evaluation."
90,Calculation Test Laboratory,Calculation test 10: Knight double attack - reverse view,Black,6k1/8/8/8/4n3/8/8/3QK3 b - - 0 1,"Write exactly three candidates. Calculate each until checks, major captures, and direct threats settle. Give a one-sentence endpoint evaluation."
91,Calculation Test Laboratory,Calculation test 11: Loose queen,White,6k1/8/8/3q4/8/2N5/8/6K1 w - - 0 1,"Write exactly three candidates. Calculate each until checks, major captures, and direct threats settle. Give a one-sentence endpoint evaluation."
92,Calculation Test Laboratory,Calculation test 12: Rook skewer,White,q5k1/8/8/8/8/8/8/4R1K1 w - - 0 1,"Write exactly three candidates. Calculate each until checks, major captures, and direct threats settle. Give a one-sentence endpoint evaluation."
93,Calculation Test Laboratory,Calculation test 13: Bishop skewer,White,7k/8/8/8/8/4B3/8/q5K1 w - - 0 1,"Write exactly three candidates. Calculate each until checks, major captures, and direct threats settle. Give a one-sentence endpoint evaluation."
94,Calculation Test Laboratory,Calculation test 14: Pawn fork,White,6k1/3r1r2/8/4P3/8/8/8/6K1 w - - 0 1,"Write exactly three candidates. Calculate each until checks, major captures, and direct threats settle. Give a one-sentence endpoint evaluation."
95,Calculation Test Laboratory,Calculation test 15: Pawn fork - reverse view,Black,6k1/8/8/8/4p3/8/3R1R2/6K1 b - - 0 1,"Write exactly three candidates. Calculate each until checks, major captures, and direct threats settle. Give a one-sentence endpoint evaluation."
96,Calculation Test Laboratory,Calculation test 16: Capture with check - reverse view,Black,6k1/8/8/8/8/8/1q6/R5K1 b - - 0 1,"Write exactly three candidates. Calculate each until checks, major captures, and direct threats settle. Give a one-sentence endpoint evaluation."
97,Calculation Test Laboratory,Calculation test 17: Royal fork,White,q3k3/8/8/1N6/8/8/8/6K1 w - - 0 1,"Write exactly three candidates. Calculate each until checks, major captures, and direct threats settle. Give a one-sentence endpoint evaluation."
98,Calculation Test Laboratory,Calculation test 18: Back-rank geometry,White,6k1/5ppp/8/8/8/8/4QPPP/3R2K1 w - - 0 1,"Write exactly three candidates. Calculate each until checks, major captures, and direct threats settle. Give a one-sentence endpoint evaluation."
99,Calculation Test Laboratory,Calculation test 19: Promotion tactic,White,4k3/P7/8/8/8/8/7q/6K1 w - - 0 1,"Write exactly three candidates. Calculate each until checks, major captures, and direct threats settle. Give a one-sentence endpoint evaluation."
100,Calculation Test Laboratory,Calculation test 20: Capture with check,White,r5k1/1Q6/8/8/8/8/8/6K1 w - - 0 1,"Write exactly three candidates. Calculate each until checks, major captures, and direct threats settle. Give a one-sentence endpoint evaluation."
101,Calculation Test Laboratory,Calculation test 21: Rook double attack - reverse view,Black,r5k1/4Q3/8/8/8/8/8/4K3 b - - 0 1,"Write exactly three candidates. Calculate each until checks, major captures, and direct threats settle. Give a one-sentence endpoint evaluation."
102,Calculation Test Laboratory,Calculation test 22: Discovered attack,White,3q2k1/8/8/3N4/8/8/8/3R2K1 w - - 0 1,"Write exactly three candidates. Calculate each until checks, major captures, and direct threats settle. Give a one-sentence endpoint evaluation."
103,Calculation Test Laboratory,Calculation test 23: Royal fork - reverse view,Black,6k1/8/8/8/1n6/8/8/Q3K3 b - - 0 1,"Write exactly three candidates. Calculate each until checks, major captures, and direct threats settle. Give a one-sentence endpoint evaluation."
104,Calculation Test Laboratory,Calculation test 24: Loose queen - reverse view,Black,6k1/8/2n5/8/3Q4/8/8/6K1 b - - 0 1,"Write exactly three candidates. Calculate each until checks, major captures, and direct threats settle. Give a one-sentence endpoint evaluation."
105,Positional Evaluation Tests,Italian Game,White,r1bqk2r/ppp2ppp/2n2n2/3p4/2BPP3/5N2/PP1N1PPP/R2QK2R w KQkq - 0 9,"Evaluate the position: material, king safety, activity, pawn structure, space, initiative, worst piece, desired exchange, and best plan. Give a verdict before selecting a move."
106,Positional Evaluation Tests,Ruy Lopez,White,rnbq1rk1/2p1bppp/p2p1n2/1p2p3/4P3/1BP2N1P/PP1P1PP1/RNBQR1K1 w - - 1 10,"Evaluate the position: material, king safety, activity, pawn structure, space, initiative, worst piece, desired exchange, and best plan. Give a verdict before selecting a move."
107,Positional Evaluation Tests,Scotch Game,White,r3kb1r/p1ppqppp/b1p5/3nP3/2P5/8/PP2QPPP/RNB1KB1R w KQkq - 1 9,"Evaluate the position: material, king safety, activity, pawn structure, space, initiative, worst piece, desired exchange, and best plan. Give a verdict before selecting a move."
108,Positional Evaluation Tests,Four Knights Game,Black,r1bq1rk1/ppp2ppp/2np1n2/1B2p1B1/4P3/2PP1N2/P1P2PPP/R2Q1RK1 b - - 0 8,"Evaluate the position: material, king safety, activity, pawn structure, space, initiative, worst piece, desired exchange, and best plan. Give a verdict before selecting a move."
109,Positional Evaluation Tests,Vienna Game,Black,rnbq1rk1/ppp1bppp/8/3pP3/3Pn3/2NB1N2/PPP3PP/R1BQK2R b KQ - 2 7,"Evaluate the position: material, king safety, activity, pawn structure, space, initiative, worst piece, desired exchange, and best plan. Give a verdict before selecting a move."
110,Positional Evaluation Tests,King's Gambit,White,rnbqk2r/ppp2p1p/3b4/3PN2n/2BP1ppP/8/PPP3P1/RNBQK2R w KQkq - 1 9,"Evaluate the position: material, king safety, activity, pawn structure, space, initiative, worst piece, desired exchange, and best plan. Give a verdict before selecting a move."
111,Positional Evaluation Tests,Petrov Defense,Black,rnbq1rk1/pp3ppp/2pb4/3p4/2PPn3/2NB1N2/PP3PPP/R1BQ1RK1 b - - 1 9,"Evaluate the position: material, king safety, activity, pawn structure, space, initiative, worst piece, desired exchange, and best plan. Give a verdict before selecting a move."
112,Positional Evaluation Tests,Philidor Defense,Black,r1bq1rk1/pp1nbppp/2pp1n2/4p3/P1BPP3/2N2N2/1PP2PPP/R1BQR1K1 b - - 0 8,"Evaluate the position: material, king safety, activity, pawn structure, space, initiative, worst piece, desired exchange, and best plan. Give a verdict before selecting a move."
113,Positional Evaluation Tests,Scandinavian Defense,White,rn1qkb1r/pp3ppp/2p1pn2/8/3P2b1/2NB1N2/PPP2PPP/R1BQ1RK1 w kq - 0 8,"Evaluate the position: material, king safety, activity, pawn structure, space, initiative, worst piece, desired exchange, and best plan. Give a verdict before selecting a move."
114,Positional Evaluation Tests,French Defense,Black,r1bqkb1r/pp1n1ppp/2n1p3/3pP3/3N1P2/2N1B3/PPP3PP/R2QKB1R b KQkq - 0 8,"Evaluate the position: material, king safety, activity, pawn structure, space, initiative, worst piece, desired exchange, and best plan. Give a verdict before selecting a move."
115,Positional Evaluation Tests,Caro-Kann Defense,Black,r2qkbnr/pp3ppp/2n1p3/3pPb2/3N4/4B3/PPP1BPPP/RN1Q1RK1 b kq - 0 8,"Evaluate the position: material, king safety, activity, pawn structure, space, initiative, worst piece, desired exchange, and best plan. Give a verdict before selecting a move."
116,Positional Evaluation Tests,Open Sicilian,Black,r1bqk2r/pp2bppp/2nppn2/8/3NP3/2N1B3/PPPQ1PPP/2KR1B1R b kq - 3 8,"Evaluate the position: material, king safety, activity, pawn structure, space, initiative, worst piece, desired exchange, and best plan. Give a verdict before selecting a move."
117,Positional Evaluation Tests,Sicilian Najdorf,Black,rn1qk2r/1p2bppp/p2pbn2/4p3/4P3/1NN1BP2/PPPQ2PP/R3KB1R b KQkq - 2 9,"Evaluate the position: material, king safety, activity, pawn structure, space, initiative, worst piece, desired exchange, and best plan. Give a verdict before selecting a move."
118,Positional Evaluation Tests,Sicilian Dragon,Black,r1bq1rk1/pp2ppbp/2np1np1/8/2BNP3/2N1BP2/PPPQ2PP/R3K2R b KQ - 4 9,"Evaluate the position: material, king safety, activity, pawn structure, space, initiative, worst piece, desired exchange, and best plan. Give a verdict before selecting a move."
119,Positional Evaluation Tests,Classical Sicilian,Black,r1bq1rk1/pp2bppp/2nppn2/6B1/3NPP2/2N5/PPPQ2PP/2KR1B1R b - - 0 9,"Evaluate the position: material, king safety, activity, pawn structure, space, initiative, worst piece, desired exchange, and best plan. Give a verdict before selecting a move."
120,Positional Evaluation Tests,Sicilian Scheveningen,Black,r1bq1rk1/pp2bppp/2nppn2/8/3NPP2/2N1B3/PPP1B1PP/R2Q1RK1 b - - 2 9,"Evaluate the position: material, king safety, activity, pawn structure, space, initiative, worst piece, desired exchange, and best plan. Give a verdict before selecting a move."
121,Positional Evaluation Tests,Accelerated Dragon,White,r1bq1rk1/1p1pppbp/2n2np1/p7/3NP3/1BN1B3/PPP2PPP/R2QK2R w KQ - 0 9,"Evaluate the position: material, king safety, activity, pawn structure, space, initiative, worst piece, desired exchange, and best plan. Give a verdict before selecting a move."
122,Positional Evaluation Tests,Sicilian Taimanov,White,r1b1k2r/1pqp1ppp/p1n1pn2/8/1b1NP3/2N1B3/PPPQ1PPP/2KR1B1R w kq - 4 9,"Evaluate the position: material, king safety, activity, pawn structure, space, initiative, worst piece, desired exchange, and best plan. Give a verdict before selecting a move."
123,Positional Evaluation Tests,Sicilian Kan,Black,rnb1k2r/1pq1bppp/p2ppn2/8/2PNP3/2NB4/PP2QPPP/R1B2RK1 b kq - 2 9,"Evaluate the position: material, king safety, activity, pawn structure, space, initiative, worst piece, desired exchange, and best plan. Give a verdict before selecting a move."
124,Positional Evaluation Tests,Sicilian Sveshnikov,White,r1bqkb1r/5ppp/p1np1n2/1p2p1B1/4P3/N1N5/PPP2PPP/R2QKB1R w KQkq - 0 9,"Evaluate the position: material, king safety, activity, pawn structure, space, initiative, worst piece, desired exchange, and best plan. Give a verdict before selecting a move."
125,Positional Evaluation Tests,Sicilian Alapin,Black,r1bqkb1r/pp2pppp/2n5/3nP3/2B5/5N2/PP3PPP/RNBQK2R b KQkq - 0 8,"Evaluate the position: material, king safety, activity, pawn structure, space, initiative, worst piece, desired exchange, and best plan. Give a verdict before selecting a move."
126,Positional Evaluation Tests,Closed Sicilian,Black,r1bqk2r/pp2npbp/2npp1p1/2p5/4PP2/2NPB1P1/PPPQ2BP/R3K1NR b KQkq - 0 8,"Evaluate the position: material, king safety, activity, pawn structure, space, initiative, worst piece, desired exchange, and best plan. Give a verdict before selecting a move."
127,Positional Evaluation Tests,Grand Prix Attack,White,r1bqk2r/pp1pnpbp/4p1p1/8/3pPP2/2NB4/PPPP2PP/R1BQ1RK1 w kq - 0 9,"Evaluate the position: material, king safety, activity, pawn structure, space, initiative, worst piece, desired exchange, and best plan. Give a verdict before selecting a move."
128,Positional Evaluation Tests,Smith-Morra Gambit,Black,r1bqkb1r/pp3ppp/2nppn2/8/2B1P3/2N2N2/PP2QPPP/R1B2RK1 b kq - 1 8,"Evaluate the position: material, king safety, activity, pawn structure, space, initiative, worst piece, desired exchange, and best plan. Give a verdict before selecting a move."
129,Positional Evaluation Tests,Pirc Defense,Black,r1bqk2r/p2nppbp/2pp1np1/1p6/3PP1PP/2N1BP2/PPPQ4/R3KBNR b KQkq - 0 8,"Evaluate the position: material, king safety, activity, pawn structure, space, initiative, worst piece, desired exchange, and best plan. Give a verdict before selecting a move."
130,Positional Evaluation Tests,Modern Defense,Black,r2qk1nr/1bpnppbp/p2p2p1/1p2P3/3P1P2/2NB1N2/PPP3PP/R1BQ1RK1 b kq - 0 8,"Evaluate the position: material, king safety, activity, pawn structure, space, initiative, worst piece, desired exchange, and best plan. Give a verdict before selecting a move."
131,Positional Evaluation Tests,Alekhine Defense,White,r2qkb1r/pp1npppp/2p5/3nNb2/3P4/8/PPP1BPPP/RNBQ1RK1 w kq - 4 8,"Evaluate the position: material, king safety, activity, pawn structure, space, initiative, worst piece, desired exchange, and best plan. Give a verdict before selecting a move."
132,Positional Evaluation Tests,Queen's Gambit,White,rnbq1rk1/p1p1bpp1/1p3n1p/3p4/3P3B/2N1PN2/PP3PPP/R2QKB1R w KQ - 0 9,"Evaluate the position: material, king safety, activity, pawn structure, space, initiative, worst piece, desired exchange, and best plan. Give a verdict before selecting a move."
133,Positional Evaluation Tests,Queen's Gambit Declined,Black,r1bq1rk1/pp1nbppp/2p1pn2/3p2B1/2PP4/2NBPN2/PP3PPP/2RQK2R b K - 1 8,"Evaluate the position: material, king safety, activity, pawn structure, space, initiative, worst piece, desired exchange, and best plan. Give a verdict before selecting a move."
134,Positional Evaluation Tests,Slav Defense,Black,rn1qk2r/pp3ppp/2p1pn2/5b2/PbBP4/2N1PN2/1P3PPP/R1BQ1RK1 b kq - 2 8,"Evaluate the position: material, king safety, activity, pawn structure, space, initiative, worst piece, desired exchange, and best plan. Give a verdict before selecting a move."
135,Essential Endgame Position Workbook,King and pawn: key squares,White,8/8/8/3k4/8/3K4/4P3/8 w - - 0 1,"Find the exact method. Calculate checks, captures, pawn races, promotions, and stalemate before applying an endgame rule."
136,Essential Endgame Position Workbook,Direct opposition,White,8/8/3k4/3p4/3P4/3K4/8/8 w - - 0 1,"Find the exact method. Calculate checks, captures, pawn races, promotions, and stalemate before applying an endgame rule."
137,Essential Endgame Position Workbook,Outside passed pawn,White,8/5pk1/6p1/3P4/5P2/6P1/5K2/8 w - - 0 1,"Find the exact method. Calculate checks, captures, pawn races, promotions, and stalemate before applying an endgame rule."
138,Essential Endgame Position Workbook,Reserve tempo,Black,8/8/5k2/3p4/3P4/4K3/8/8 b - - 0 1,"Find the exact method. Calculate checks, captures, pawn races, promotions, and stalemate before applying an endgame rule."
139,Essential Endgame Position Workbook,Pawn breakthrough,Black,8/8/8/4k3/6p1/5pP1/5P1P/6K1 b - - 0 1,"Find the exact method. Calculate checks, captures, pawn races, promotions, and stalemate before applying an endgame rule."
140,Essential Endgame Position Workbook,Queen mate technique,White,8/8/8/8/8/4K3/7Q/k7 w - - 0 1,"Find the exact method. Calculate checks, captures, pawn races, promotions, and stalemate before applying an endgame rule."
141,Essential Endgame Position Workbook,Rook mate technique,White,8/8/8/8/8/4K3/7R/k7 w - - 0 1,"Find the exact method. Calculate checks, captures, pawn races, promotions, and stalemate before applying an endgame rule."
142,Essential Endgame Position Workbook,Rook activity,White,8/8/8/5pk1/7p/6PP/5K2/4R3 w - - 0 1,"Find the exact method. Calculate checks, captures, pawn races, promotions, and stalemate before applying an endgame rule."
143,Essential Endgame Position Workbook,Lucena bridge,White,6K1/6P1/6k1/8/8/8/5r2/R7 w - - 0 1,"Find the exact method. Calculate checks, captures, pawn races, promotions, and stalemate before applying an endgame rule."
144,Essential Endgame Position Workbook,Rook checks from behind,White,8/8/4k3/4p3/4P3/4K3/8/R6r w - - 0 1,"Find the exact method. Calculate checks, captures, pawn races, promotions, and stalemate before applying an endgame rule."
145,Essential Endgame Position Workbook,Bishop against pawns,White,8/8/5k2/3p4/3P4/4KB2/8/8 w - - 0 1,"Find the exact method. Calculate checks, captures, pawn races, promotions, and stalemate before applying an endgame rule."
146,Essential Endgame Position Workbook,Knight against pawns,White,8/8/5k2/3p4/3P4/4KN2/8/8 w - - 0 1,"Find the exact method. Calculate checks, captures, pawn races, promotions, and stalemate before applying an endgame rule."
147,Essential Endgame Position Workbook,Opposite-colored bishops,White,8/8/3k4/3p4/3P4/3KB3/7b/8 w - - 0 1,"Find the exact method. Calculate checks, captures, pawn races, promotions, and stalemate before applying an endgame rule."
148,Essential Endgame Position Workbook,Same-colored bishops,White,8/8/3k4/3p4/3P4/3KB3/6b1/8 w - - 0 1,"Find the exact method. Calculate checks, captures, pawn races, promotions, and stalemate before applying an endgame rule."
149,Essential Endgame Position Workbook,Rook behind the passer,White,8/4k3/4P3/8/8/8/4R3/6rK w - - 0 1,"Find the exact method. Calculate checks, captures, pawn races, promotions, and stalemate before applying an endgame rule."
150,Essential Endgame Position Workbook,Queen checks,White,8/8/8/5pk1/7p/6PP/5K2/4Q2q w - - 0 1,"Find the exact method. Calculate checks, captures, pawn races, promotions, and stalemate before applying an endgame rule."
151,Essential Endgame Position Workbook,King and pawn: key squares - reverse colors,Black,8/4p3/3k4/8/3K4/8/8/8 b - - 0 1,"Find the exact method. Calculate checks, captures, pawn races, promotions, and stalemate before applying an endgame rule."
152,Essential Endgame Position Workbook,Direct opposition - reverse colors,Black,8/8/3k4/3p4/3P4/3K4/8/8 b - - 0 1,"Find the exact method. Calculate checks, captures, pawn races, promotions, and stalemate before applying an endgame rule."
153,Essential Endgame Position Workbook,Outside passed pawn - reverse colors,Black,8/5k2/6p1/5p2/3p4/6P1/5PK1/8 b - - 0 1,"Find the exact method. Calculate checks, captures, pawn races, promotions, and stalemate before applying an endgame rule."
154,Essential Endgame Position Workbook,Reserve tempo - reverse colors,White,8/8/4k3/3p4/3P4/5K2/8/8 w - - 0 1,"Find the exact method. Calculate checks, captures, pawn races, promotions, and stalemate before applying an endgame rule."
155,Essential Endgame Position Workbook,Pawn breakthrough - reverse colors,White,6k1/5p1p/5Pp1/6P1/4K3/8/8/8 w - - 0 1,"Find the exact method. Calculate checks, captures, pawn races, promotions, and stalemate before applying an endgame rule."
156,Essential Endgame Position Workbook,Queen mate technique - reverse colors,Black,K7/7q/4k3/8/8/8/8/8 b - - 0 1,"Find the exact method. Calculate checks, captures, pawn races, promotions, and stalemate before applying an endgame rule."
157,Essential Endgame Position Workbook,Rook mate technique - reverse colors,Black,K7/7r/4k3/8/8/8/8/8 b - - 0 1,"Find the exact method. Calculate checks, captures, pawn races, promotions, and stalemate before applying an endgame rule."
158,Essential Endgame Position Workbook,Rook activity - reverse colors,Black,4r3/5k2/6pp/7P/5PK1/8/8/8 b - - 0 1,"Find the exact method. Calculate checks, captures, pawn races, promotions, and stalemate before applying an endgame rule."
159,Essential Endgame Position Workbook,Lucena bridge - reverse colors,Black,r7/5R2/8/8/8/6K1/6p1/6k1 b - - 0 1,"Find the exact method. Calculate checks, captures, pawn races, promotions, and stalemate before applying an endgame rule."
160,Essential Endgame Position Workbook,Rook checks from behind - reverse colors,Black,r6R/8/4k3/4p3/4P3/4K3/8/8 b - - 0 1,"Find the exact method. Calculate checks, captures, pawn races, promotions, and stalemate before applying an endgame rule."
161,Essential Endgame Position Workbook,Bishop against pawns - reverse colors,Black,8/8/4kb2/3p4/3P4/5K2/8/8 b - - 0 1,"Find the exact method. Calculate checks, captures, pawn races, promotions, and stalemate before applying an endgame rule."
162,Essential Endgame Position Workbook,Knight against pawns - reverse colors,Black,8/8/4kn2/3p4/3P4/5K2/8/8 b - - 0 1,"Find the exact method. Calculate checks, captures, pawn races, promotions, and stalemate before applying an endgame rule."
163,Essential Endgame Position Workbook,Opposite-colored bishops - reverse colors,Black,8/7B/3kb3/3p4/3P4/3K4/8/8 b - - 0 1,"Find the exact method. Calculate checks, captures, pawn races, promotions, and stalemate before applying an endgame rule."
164,Essential Endgame Position Workbook,Same-colored bishops - reverse colors,Black,8/6B1/3kb3/3p4/3P4/3K4/8/8 b - - 0 1,"Find the exact method. Calculate checks, captures, pawn races, promotions, and stalemate before applying an endgame rule."
165,Essential Endgame Position Workbook,Rook behind the passer - reverse colors,Black,6Rk/4r3/8/8/8/4p3/4K3/8 b - - 0 1,"Find the exact method. Calculate checks, captures, pawn races, promotions, and stalemate before applying an endgame rule."
166,Essential Endgame Position Workbook,Queen checks - reverse colors,Black,4q2Q/5k2/6pp/7P/5PK1/8/8/8 b - - 0 1,"Find the exact method. Calculate checks, captures, pawn races, promotions, and stalemate before applying an endgame rule."
167,Opening Traps and Their Refutations,Italian Game: refuse the tempting move,White,r1bqk2r/ppp2ppp/2n2n2/3p4/2BPP3/5N2/PP1N1PPP/R2QK2R w KQkq - 0 9,"The tempting candidate is Bb3. Before playing it, find the opponent's most forcing punishment. Then choose a safer continuation."
168,Opening Traps and Their Refutations,Ruy Lopez: refuse the tempting move,White,rnbq1rk1/2p1bppp/p2p1n2/1p2p3/4P3/1BP2N1P/PP1P1PP1/RNBQR1K1 w - - 1 10,"The tempting candidate is a3. Before playing it, find the opponent's most forcing punishment. Then choose a safer continuation."
169,Opening Traps and Their Refutations,Scotch Game: refuse the tempting move,White,r3kb1r/p1ppqppp/b1p5/3nP3/2P5/8/PP2QPPP/RNB1KB1R w KQkq - 1 9,"The tempting candidate is Bd2. Before playing it, find the opponent's most forcing punishment. Then choose a safer continuation."
170,Opening Traps and Their Refutations,Four Knights Game: refuse the tempting move,Black,r1bq1rk1/ppp2ppp/2np1n2/1B2p1B1/4P3/2PP1N2/P1P2PPP/R2Q1RK1 b - - 0 8,"The tempting candidate is Kh8. Before playing it, find the opponent's most forcing punishment. Then choose a safer continuation."
171,Opening Traps and Their Refutations,Vienna Game: refuse the tempting move,Black,rnbq1rk1/ppp1bppp/8/3pP3/3Pn3/2NB1N2/PPP3PP/R1BQK2R b KQ - 2 7,"The tempting candidate is Bh4+. Before playing it, find the opponent's most forcing punishment. Then choose a safer continuation."
172,Opening Traps and Their Refutations,King's Gambit: refuse the tempting move,White,rnbqk2r/ppp2p1p/3b4/3PN2n/2BP1ppP/8/PPP3P1/RNBQK2R w KQkq - 1 9,"The tempting candidate is Be2. Before playing it, find the opponent's most forcing punishment. Then choose a safer continuation."
173,Opening Traps and Their Refutations,Petrov Defense: refuse the tempting move,Black,rnbq1rk1/pp3ppp/2pb4/3p4/2PPn3/2NB1N2/PP3PPP/R1BQ1RK1 b - - 1 9,"The tempting candidate is Bg4. Before playing it, find the opponent's most forcing punishment. Then choose a safer continuation."
174,Opening Traps and Their Refutations,Philidor Defense: refuse the tempting move,Black,r1bq1rk1/pp1nbppp/2pp1n2/4p3/P1BPP3/2N2N2/1PP2PPP/R1BQR1K1 b - - 0 8,"The tempting candidate is h6. Before playing it, find the opponent's most forcing punishment. Then choose a safer continuation."
175,Opening Traps and Their Refutations,Scandinavian Defense: refuse the tempting move,White,rn1qkb1r/pp3ppp/2p1pn2/8/3P2b1/2NB1N2/PPP2PPP/R1BQ1RK1 w kq - 0 8,"The tempting candidate is Bd2. Before playing it, find the opponent's most forcing punishment. Then choose a safer continuation."
176,Opening Traps and Their Refutations,French Defense: refuse the tempting move,Black,r1bqkb1r/pp1n1ppp/2n1p3/3pP3/3N1P2/2N1B3/PPP3PP/R2QKB1R b KQkq - 0 8,"The tempting candidate is Bb4. Before playing it, find the opponent's most forcing punishment. Then choose a safer continuation."
177,Opening Traps and Their Refutations,Caro-Kann Defense: refuse the tempting move,Black,r2qkbnr/pp3ppp/2n1p3/3pPb2/3N4/4B3/PPP1BPPP/RN1Q1RK1 b kq - 0 8,"The tempting candidate is Rc8. Before playing it, find the opponent's most forcing punishment. Then choose a safer continuation."
178,Opening Traps and Their Refutations,Open Sicilian: refuse the tempting move,Black,r1bqk2r/pp2bppp/2nppn2/8/3NP3/2N1B3/PPPQ1PPP/2KR1B1R b kq - 3 8,"The tempting candidate is Rb8. Before playing it, find the opponent's most forcing punishment. Then choose a safer continuation."
179,Opening Traps and Their Refutations,Sicilian Najdorf: refuse the tempting move,Black,rn1qk2r/1p2bppp/p2pbn2/4p3/4P3/1NN1BP2/PPPQ2PP/R3KB1R b KQkq - 2 9,"The tempting candidate is d5. Before playing it, find the opponent's most forcing punishment. Then choose a safer continuation."
180,Opening Traps and Their Refutations,Sicilian Dragon: refuse the tempting move,Black,r1bq1rk1/pp2ppbp/2np1np1/8/2BNP3/2N1BP2/PPPQ2PP/R3K2R b KQ - 4 9,"The tempting candidate is a6. Before playing it, find the opponent's most forcing punishment. Then choose a safer continuation."
181,Opening Traps and Their Refutations,Classical Sicilian: refuse the tempting move,Black,r1bq1rk1/pp2bppp/2nppn2/6B1/3NPP2/2N5/PPPQ2PP/2KR1B1R b - - 0 9,"The tempting candidate is a6. Before playing it, find the opponent's most forcing punishment. Then choose a safer continuation."
182,Opening Traps and Their Refutations,Sicilian Scheveningen: refuse the tempting move,Black,r1bq1rk1/pp2bppp/2nppn2/8/3NPP2/2N1B3/PPP1B1PP/R2Q1RK1 b - - 2 9,"The tempting candidate is Re8. Before playing it, find the opponent's most forcing punishment. Then choose a safer continuation."
183,Opening Traps and Their Refutations,Accelerated Dragon: refuse the tempting move,White,r1bq1rk1/1p1pppbp/2n2np1/p7/3NP3/1BN1B3/PPP2PPP/R2QK2R w KQ - 0 9,"The tempting candidate is Qf3. Before playing it, find the opponent's most forcing punishment. Then choose a safer continuation."
184,Opening Traps and Their Refutations,Sicilian Taimanov: refuse the tempting move,White,r1b1k2r/1pqp1ppp/p1n1pn2/8/1b1NP3/2N1B3/PPPQ1PPP/2KR1B1R w kq - 4 9,"The tempting candidate is Be2. Before playing it, find the opponent's most forcing punishment. Then choose a safer continuation."
185,Opening Traps and Their Refutations,Sicilian Kan: refuse the tempting move,Black,rnb1k2r/1pq1bppp/p2ppn2/8/2PNP3/2NB4/PP2QPPP/R1B2RK1 b kq - 2 9,"The tempting candidate is h6. Before playing it, find the opponent's most forcing punishment. Then choose a safer continuation."
186,Opening Traps and Their Refutations,Sicilian Sveshnikov: refuse the tempting move,White,r1bqkb1r/5ppp/p1np1n2/1p2p1B1/4P3/N1N5/PPP2PPP/R2QKB1R w KQkq - 0 9,"The tempting candidate is Ncb1. Before playing it, find the opponent's most forcing punishment. Then choose a safer continuation."
187,Visualization and Board-Vision Training,Position 187,White,r1bqk2r/pppp1ppp/2n2n2/2b5/2BpP3/2P2N2/PP3PPP/RNBQK2R w KQkq - 0 6,"Play this line mentally, then place every piece: 1. e4 e5 2. Nf3 Nc6 3. Bc4 Bc5 4. c3 Nf6 5. d4 exd4"
188,Visualization and Board-Vision Training,Position 188,White,r1bqk2r/1pppbppp/p1n2n2/4p3/B3P3/5N2/PPPP1PPP/RNBQ1RK1 w kq - 4 6,"Play this line mentally, then place every piece: 1. e4 e5 2. Nf3 Nc6 3. Bb5 a6 4. Ba4 Nf6 5. O-O Be7"
189,Visualization and Board-Vision Training,Position 189,White,r1bqkb1r/p1pp1ppp/2p2n2/8/4P3/8/PPP2PPP/RNBQKB1R w KQkq - 0 6,"Play this line mentally, then place every piece: 1. e4 e5 2. Nf3 Nc6 3. d4 exd4 4. Nxd4 Nf6 5. Nxc6 bxc6"
190,Visualization and Board-Vision Training,Position 190,White,r1bq1rk1/pppp1ppp/2n2n2/1B2p3/1b2P3/2N2N2/PPPP1PPP/R1BQ1RK1 w - - 8 6,"Play this line mentally, then place every piece: 1. e4 e5 2. Nf3 Nc6 3. Nc3 Nf6 4. Bb5 Bb4 5. O-O O-O"
191,Visualization and Board-Vision Training,Position 191,White,rnbqk2r/ppp1bppp/8/3pP3/4n3/2N2N2/PPPP2PP/R1BQKB1R w KQkq - 2 6,"Play this line mentally, then place every piece: 1. e4 e5 2. Nc3 Nf6 3. f4 d5 4. fxe5 Nxe4 5. Nf3 Be7"
192,Visualization and Board-Vision Training,Position 192,White,rnbqkb1r/pppp1p1p/5n2/4N3/4PppP/8/PPPP2P1/RNBQKB1R w KQkq - 2 6,"Play this line mentally, then place every piece: 1. e4 e5 2. f4 exf4 3. Nf3 g5 4. h4 g4 5. Ne5 Nf6"
193,Visualization and Board-Vision Training,Position 193,White,rnbqkb1r/ppp2ppp/8/3p4/3Pn3/5N2/PPP2PPP/RNBQKB1R w KQkq - 0 6,"Play this line mentally, then place every piece: 1. e4 e5 2. Nf3 Nf6 3. Nxe5 d6 4. Nf3 Nxe4 5. d4 d5"
194,Visualization and Board-Vision Training,Position 194,White,r1bqk2r/pppnbppp/3p1n2/4p3/2BPP3/2N2N2/PPP2PPP/R1BQK2R w KQkq - 5 6,"Play this line mentally, then place every piece: 1. e4 e5 2. Nf3 d6 3. d4 Nf6 4. Nc3 Nbd7 5. Bc4 Be7"
195,Visualization and Board-Vision Training,Position 195,White,rnbqkb1r/pp2pppp/2p2n2/8/3P4/2N2N2/PPP2PPP/R1BQKB1R w KQkq - 0 6,"Play this line mentally, then place every piece: 1. e4 d5 2. exd5 Qxd5 3. Nc3 Qd8 4. d4 Nf6 5. Nf3 c6"
196,Visualization and Board-Vision Training,Position 196,White,rnbqkb1r/pp1n1ppp/4p3/2ppP3/3P1P2/2N5/PPP3PP/R1BQKBNR w KQkq - 0 6,"Play this line mentally, then place every piece: 1. e4 e6 2. d4 d5 3. Nc3 Nf6 4. e5 Nfd7 5. f4 c5"
197,Visualization and Board-Vision Training,Position 197,White,rn1qkbnr/pp3ppp/4p3/2ppPb2/3P4/5N2/PPP1BPPP/RNBQK2R w KQkq - 0 6,"Play this line mentally, then place every piece: 1. e4 c6 2. d4 d5 3. e5 Bf5 4. Nf3 e6 5. Be2 c5"
198,Visualization and Board-Vision Training,Position 198,White,r1bqkb1r/pp2pppp/2np1n2/8/3NP3/2N5/PPP2PPP/R1BQKB1R w KQkq - 3 6,"Play this line mentally, then place every piece: 1. e4 c5 2. Nf3 d6 3. d4 cxd4 4. Nxd4 Nf6 5. Nc3 Nc6"
199,Visualization and Board-Vision Training,Position 199,White,rnbqkb1r/1p2pppp/p2p1n2/8/3NP3/2N5/PPP2PPP/R1BQKB1R w KQkq - 0 6,"Play this line mentally, then place every piece: 1. e4 c5 2. Nf3 d6 3. d4 cxd4 4. Nxd4 Nf6 5. Nc3 a6"
200,Visualization and Board-Vision Training,Position 200,White,rnbqkb1r/pp2pp1p/3p1np1/8/3NP3/2N5/PPP2PPP/R1BQKB1R w KQkq - 0 6,"Play this line mentally, then place every piece: 1. e4 c5 2. Nf3 d6 3. d4 cxd4 4. Nxd4 Nf6 5. Nc3 g6"
201,Visualization and Board-Vision Training,Position 201,White,r1bqkb1r/pp2pppp/2np1n2/8/3NP3/2N5/PPP2PPP/R1BQKB1R w KQkq - 3 6,"Play this line mentally, then place every piece: 1. e4 c5 2. Nf3 d6 3. d4 cxd4 4. Nxd4 Nf6 5. Nc3 Nc6"
202,Visualization and Board-Vision Training,Position 202,White,rnbqkb1r/pp3ppp/3ppn2/8/3NP3/2N5/PPP2PPP/R1BQKB1R w KQkq - 0 6,"Play this line mentally, then place every piece: 1. e4 c5 2. Nf3 d6 3. d4 cxd4 4. Nxd4 Nf6 5. Nc3 e6"
203,Visualization and Board-Vision Training,Position 203,White,r1bqk1nr/pp1pppbp/2n3p1/8/3NP3/2N5/PPP2PPP/R1BQKB1R w KQkq - 2 6,"Play this line mentally, then place every piece: 1. e4 c5 2. Nf3 Nc6 3. d4 cxd4 4. Nxd4 g6 5. Nc3 Bg7"
204,Visualization and Board-Vision Training,Position 204,White,r1b1kbnr/ppqp1ppp/2n1p3/8/3NP3/2N5/PPP2PPP/R1BQKB1R w KQkq - 3 6,"Play this line mentally, then place every piece: 1. e4 c5 2. Nf3 e6 3. d4 cxd4 4. Nxd4 Nc6 5. Nc3 Qc7"
205,Visualization and Board-Vision Training,Position 205,White,rnb1kbnr/1pqp1ppp/p3p3/8/3NP3/3B4/PPP2PPP/RNBQK2R w KQkq - 2 6,"Play this line mentally, then place every piece: 1. e4 c5 2. Nf3 e6 3. d4 cxd4 4. Nxd4 a6 5. Bd3 Qc7"
206,Visualization and Board-Vision Training,Position 206,White,r1bqkb1r/pp1p1ppp/2n2n2/4p3/3NP3/2N5/PPP2PPP/R1BQKB1R w KQkq - 0 6,"Play this line mentally, then place every piece: 1. e4 c5 2. Nf3 Nc6 3. d4 cxd4 4. Nxd4 Nf6 5. Nc3 e5"
207,Player-Style Collections,Attacking style: Italian Game,White,r1bqk2r/ppp2ppp/2n2n2/3p4/2BPP3/5N2/PP1N1PPP/R2QK2R w KQkq - 0 9,"Solve this position through a attacking lens. Choose a move that is objectively sound, explain the plan, and name the danger of forcing the style onto the wrong position."
208,Player-Style Collections,Attacking style: Ruy Lopez,White,rnbq1rk1/2p1bppp/p2p1n2/1p2p3/4P3/1BP2N1P/PP1P1PP1/RNBQR1K1 w - - 1 10,"Solve this position through a attacking lens. Choose a move that is objectively sound, explain the plan, and name the danger of forcing the style onto the wrong position."
209,Player-Style Collections,Attacking style: Scotch Game,White,r3kb1r/p1ppqppp/b1p5/3nP3/2P5/8/PP2QPPP/RNB1KB1R w KQkq - 1 9,"Solve this position through a attacking lens. Choose a move that is objectively sound, explain the plan, and name the danger of forcing the style onto the wrong position."
210,Player-Style Collections,Attacking style: Four Knights Game,Black,r1bq1rk1/ppp2ppp/2np1n2/1B2p1B1/4P3/2PP1N2/P1P2PPP/R2Q1RK1 b - - 0 8,"Solve this position through a attacking lens. Choose a move that is objectively sound, explain the plan, and name the danger of forcing the style onto the wrong position."
211,Player-Style Collections,Attacking style: Vienna Game,Black,rnbq1rk1/ppp1bppp/8/3pP3/3Pn3/2NB1N2/PPP3PP/R1BQK2R b KQ - 2 7,"Solve this position through a attacking lens. Choose a move that is objectively sound, explain the plan, and name the danger of forcing the style onto the wrong position."
212,Player-Style Collections,Attacking style: King's Gambit,White,rnbqk2r/ppp2p1p/3b4/3PN2n/2BP1ppP/8/PPP3P1/RNBQK2R w KQkq - 1 9,"Solve this position through a attacking lens. Choose a move that is objectively sound, explain the plan, and name the danger of forcing the style onto the wrong position."
213,Player-Style Collections,Positional style: Petrov Defense,Black,rnbq1rk1/pp3ppp/2pb4/3p4/2PPn3/2NB1N2/PP3PPP/R1BQ1RK1 b - - 1 9,"Solve this position through a positional lens. Choose a move that is objectively sound, explain the plan, and name the danger of forcing the style onto the wrong position."
214,Player-Style Collections,Positional style: Philidor Defense,Black,r1bq1rk1/pp1nbppp/2pp1n2/4p3/P1BPP3/2N2N2/1PP2PPP/R1BQR1K1 b - - 0 8,"Solve this position through a positional lens. Choose a move that is objectively sound, explain the plan, and name the danger of forcing the style onto the wrong position."
215,Player-Style Collections,Positional style: Scandinavian Defense,White,rn1qkb1r/pp3ppp/2p1pn2/8/3P2b1/2NB1N2/PPP2PPP/R1BQ1RK1 w kq - 0 8,"Solve this position through a positional lens. Choose a move that is objectively sound, explain the plan, and name the danger of forcing the style onto the wrong position."
216,Player-Style Collections,Positional style: French Defense,Black,r1bqkb1r/pp1n1ppp/2n1p3/3pP3/3N1P2/2N1B3/PPP3PP/R2QKB1R b KQkq - 0 8,"Solve this position through a positional lens. Choose a move that is objectively sound, explain the plan, and name the danger of forcing the style onto the wrong position."
217,Player-Style Collections,Positional style: Caro-Kann Defense,Black,r2qkbnr/pp3ppp/2n1p3/3pPb2/3N4/4B3/PPP1BPPP/RN1Q1RK1 b kq - 0 8,"Solve this position through a positional lens. Choose a move that is objectively sound, explain the plan, and name the danger of forcing the style onto the wrong position."
218,Player-Style Collections,Positional style: Open Sicilian,Black,r1bqk2r/pp2bppp/2nppn2/8/3NP3/2N1B3/PPPQ1PPP/2KR1B1R b kq - 3 8,"Solve this position through a positional lens. Choose a move that is objectively sound, explain the plan, and name the danger of forcing the style onto the wrong position."
219,Player-Style Collections,Defensive style: Sicilian Najdorf,Black,rn1qk2r/1p2bppp/p2pbn2/4p3/4P3/1NN1BP2/PPPQ2PP/R3KB1R b KQkq - 2 9,"Solve this position through a defensive lens. Choose a move that is objectively sound, explain the plan, and name the danger of forcing the style onto the wrong position."
220,Player-Style Collections,Defensive style: Sicilian Dragon,Black,r1bq1rk1/pp2ppbp/2np1np1/8/2BNP3/2N1BP2/PPPQ2PP/R3K2R b KQ - 4 9,"Solve this position through a defensive lens. Choose a move that is objectively sound, explain the plan, and name the danger of forcing the style onto the wrong position."
221,Player-Style Collections,Defensive style: Classical Sicilian,Black,r1bq1rk1/pp2bppp/2nppn2/6B1/3NPP2/2N5/PPPQ2PP/2KR1B1R b - - 0 9,"Solve this position through a defensive lens. Choose a move that is objectively sound, explain the plan, and name the danger of forcing the style onto the wrong position."
222,Player-Style Collections,Defensive style: Sicilian Scheveningen,Black,r1bq1rk1/pp2bppp/2nppn2/8/3NPP2/2N1B3/PPP1B1PP/R2Q1RK1 b - - 2 9,"Solve this position through a defensive lens. Choose a move that is objectively sound, explain the plan, and name the danger of forcing the style onto the wrong position."
223,Player-Style Collections,Defensive style: Accelerated Dragon,White,r1bq1rk1/1p1pppbp/2n2np1/p7/3NP3/1BN1B3/PPP2PPP/R2QK2R w KQ - 0 9,"Solve this position through a defensive lens. Choose a move that is objectively sound, explain the plan, and name the danger of forcing the style onto the wrong position."
224,Player-Style Collections,Defensive style: Sicilian Taimanov,White,r1b1k2r/1pqp1ppp/p1n1pn2/8/1b1NP3/2N1B3/PPPQ1PPP/2KR1B1R w kq - 4 9,"Solve this position through a defensive lens. Choose a move that is objectively sound, explain the plan, and name the danger of forcing the style onto the wrong position."
225,Player-Style Collections,Technical style: Sicilian Kan,Black,rnb1k2r/1pq1bppp/p2ppn2/8/2PNP3/2NB4/PP2QPPP/R1B2RK1 b kq - 2 9,"Solve this position through a technical lens. Choose a move that is objectively sound, explain the plan, and name the danger of forcing the style onto the wrong position."
226,Player-Style Collections,Technical style: Sicilian Sveshnikov,White,r1bqkb1r/5ppp/p1np1n2/1p2p1B1/4P3/N1N5/PPP2PPP/R2QKB1R w KQkq - 0 9,"Solve this position through a technical lens. Choose a move that is objectively sound, explain the plan, and name the danger of forcing the style onto the wrong position."
227,Player-Style Collections,Technical style: Sicilian Alapin,Black,r1bqkb1r/pp2pppp/2n5/3nP3/2B5/5N2/PP3PPP/RNBQK2R b KQkq - 0 8,"Solve this position through a technical lens. Choose a move that is objectively sound, explain the plan, and name the danger of forcing the style onto the wrong position."
228,Player-Style Collections,Technical style: Closed Sicilian,Black,r1bqk2r/pp2npbp/2npp1p1/2p5/4PP2/2NPB1P1/PPPQ2BP/R3K1NR b KQkq - 0 8,"Solve this position through a technical lens. Choose a move that is objectively sound, explain the plan, and name the danger of forcing the style onto the wrong position."
229,Player-Style Collections,Technical style: Grand Prix Attack,White,r1bqk2r/pp1pnpbp/4p1p1/8/3pPP2/2NB4/PPPP2PP/R1BQ1RK1 w kq - 0 9,"Solve this position through a technical lens. Choose a move that is objectively sound, explain the plan, and name the danger of forcing the style onto the wrong position."
230,Player-Style Collections,Technical style: Smith-Morra Gambit,Black,r1bqkb1r/pp3ppp/2nppn2/8/2B1P3/2N2N2/PP2QPPP/R1B2RK1 b kq - 1 8,"Solve this position through a technical lens. Choose a move that is objectively sound, explain the plan, and name the danger of forcing the style onto the wrong position."
231,Player-Style Collections,Universal style: Pirc Defense,Black,r1bqk2r/p2nppbp/2pp1np1/1p6/3PP1PP/2N1BP2/PPPQ4/R3KBNR b KQkq - 0 8,"Solve this position through a universal lens. Choose a move that is objectively sound, explain the plan, and name the danger of forcing the style onto the wrong position."
232,Player-Style Collections,Universal style: Modern Defense,Black,r2qk1nr/1bpnppbp/p2p2p1/1p2P3/3P1P2/2NB1N2/PPP3PP/R1BQ1RK1 b kq - 0 8,"Solve this position through a universal lens. Choose a move that is objectively sound, explain the plan, and name the danger of forcing the style onto the wrong position."
233,Player-Style Collections,Universal style: Alekhine Defense,White,r2qkb1r/pp1npppp/2p5/3nNb2/3P4/8/PPP1BPPP/RNBQ1RK1 w kq - 4 8,"Solve this position through a universal lens. Choose a move that is objectively sound, explain the plan, and name the danger of forcing the style onto the wrong position."
234,Player-Style Collections,Universal style: Queen's Gambit,White,rnbq1rk1/p1p1bpp1/1p3n1p/3p4/3P3B/2N1PN2/PP3PPP/R2QKB1R w KQ - 0 9,"Solve this position through a universal lens. Choose a move that is objectively sound, explain the plan, and name the danger of forcing the style onto the wrong position."
235,Player-Style Collections,Universal style: Queen's Gambit Declined,Black,r1bq1rk1/pp1nbppp/2p1pn2/3p2B1/2PP4/2NBPN2/PP3PPP/2RQK2R b K - 1 8,"Solve this position through a universal lens. Choose a move that is objectively sound, explain the plan, and name the danger of forcing the style onto the wrong position."
236,Player-Style Collections,Universal style: Slav Defense,Black,rn1qk2r/pp3ppp/2p1pn2/5b2/PbBP4/2N1PN2/1P3PPP/R1BQ1RK1 b kq - 2 8,"Solve this position through a universal lens. Choose a move that is objectively sound, explain the plan, and name the danger of forcing the style onto the wrong position."
