course,title,file,pages,units,bytes
1,Checkmate Pattern Atlas,01_Checkmate_Pattern_Atlas.pdf,53,24,571483
2,Tactics by Difficulty,02_Tactics_by_Difficulty.pdf,69,32,732425
3,Defensive Tactics Workbook,03_Defensive_Tactics_Workbook.pdf,53,24,577224
4,Calculation Test Laboratory,04_Calculation_Test_Laboratory.pdf,53,24,581111
5,What Did the Last Move Change?,05_What_Did_the_Last_Move_Change.pdf,76,36,952385
6,Positional Evaluation Tests,06_Positional_Evaluation_Tests.pdf,65,30,823725
7,Essential Endgame Position Workbook,07_Essential_Endgame_Position_Workbook.pdf,69,32,708895
8,Guess-the-Move Model Games,08_Guess_the_Move_Model_Games.pdf,94,40,637485
9,Common Mistakes by Rating Level,09_Common_Mistakes_by_Rating_Level.pdf,68,60,246348
10,Opening Traps and Their Refutations,10_Opening_Traps_and_Their_Refutations.pdf,45,20,589696
11,Visualization and Board-Vision Training,11_Visualization_and_Board_Vision_Training.pdf,44,60,166382
12,Chess Vocabulary and Notation Reference,12_Chess_Vocabulary_and_Notation_Reference.pdf,51,140,197619
13,Player-Style Collections,13_Player_Style_Collections.pdf,65,30,824933
14,Tournament Preparation Manual,14_Tournament_Preparation_Manual.pdf,29,42,163684
15,Fritz 21 Companion Pack,15_Fritz_21_Companion_Pack.pdf,24,20,147024
