course,title,file,pages,lessons,bytes
1,The Anti-Blunder Course,01_The_Anti_Blunder_Course.pdf,47,20,412990
2,Tactical Patterns Encyclopedia,02_Tactical_Patterns_Encyclopedia.pdf,74,33,599449
3,Calculation From the Ground Up,03_Calculation_From_the_Ground_Up.pdf,52,22,444244
4,Essential Endgames,04_Essential_Endgames.pdf,119,55,774045
5,Pawn-Structure Atlas,05_Pawn_Structure_Atlas.pdf,95,43,744881
6,How to Form a Plan,06_How_to_Form_a_Plan.pdf,72,32,585987
7,Attacking Chess,07_Attacking_Chess.pdf,58,25,484867
8,Defensive Chess and Prophylaxis,08_Defensive_Chess_and_Prophylaxis.pdf,54,23,455827
9,Converting an Advantage,09_Converting_an_Advantage.pdf,64,28,523118
10,Mastering Exchanges,10_Mastering_Exchanges.pdf,68,30,547710
11,Piece-by-Piece Mastery,11_Piece_by_Piece_Mastery.pdf,56,24,465358
12,Annotated Model-Game Laboratories,12_Annotated_Model_Game_Laboratories.pdf,42,12,300846
13,Opening-to-Middlegame Transitions,13_Opening_to_Middlegame_Transitions.pdf,107,50,806602
14,Practical Chess Psychology,14_Practical_Chess_Psychology.pdf,93,42,734226
15,Chess Improvement Workbook,15_Chess_Improvement_Workbook.pdf,51,75,364510
