number,category,principle,rule,folder,pdf,pages
276,Game Analysis and Improvement,Annotate the Thought Process,"Record what you saw, calculated, feared, and expected—not only the moves played.",27_Game_Analysis_and_Improvement,276_Annotate_the_Thought_Process.pdf,6
277,Game Analysis and Improvement,Find the First Irreversible Mistake,Trace the game backward to the earliest decision that created a lasting disadvantage.,27_Game_Analysis_and_Improvement,277_Find_the_First_Irreversible_Mistake.pdf,6
278,Game Analysis and Improvement,Separate Opening Memory from Understanding,"When an opening goes wrong, decide whether you forgot a move, misunderstood its purpose, or failed after leaving theory.",27_Game_Analysis_and_Improvement,278_Separate_Opening_Memory_from_Understanding.pdf,6
279,Game Analysis and Improvement,Build a Tactical Error Taxonomy,"Label missed tactics by mechanism such as loose piece, back rank, removal of defender, or calculation cutoff.",27_Game_Analysis_and_Improvement,279_Build_a_Tactical_Error_Taxonomy.pdf,6
280,Game Analysis and Improvement,Review Time as a Chess Resource,"Mark where you spent time, where you moved too quickly, and which positions actually deserved calculation.",27_Game_Analysis_and_Improvement,280_Review_Time_as_a_Chess_Resource.pdf,6
281,Game Analysis and Improvement,Compare Considered and Missed Candidates,"For each critical position, list the moves you considered and the strong moves you never generated.",27_Game_Analysis_and_Improvement,281_Compare_Considered_and_Missed_Candidates.pdf,6
282,Game Analysis and Improvement,Use the Engine Only After Self-Analysis,Reconstruct the game unaided before consulting engine evaluations and variations.,27_Game_Analysis_and_Improvement,282_Use_the_Engine_Only_After_Self_Analysis.pdf,6
283,Game Analysis and Improvement,Extract One Transferable Lesson per Game,Finish analysis with one concrete question or rule you can use in a future position.,27_Game_Analysis_and_Improvement,283_Extract_One_Transferable_Lesson_per_Game.pdf,6
284,Game Analysis and Improvement,Turn Recurring Errors into Drills,"When an error pattern repeats, collect positions that isolate the same decision and solve them as a set.",27_Game_Analysis_and_Improvement,284_Turn_Recurring_Errors_into_Drills.pdf,6
285,Game Analysis and Improvement,Analyze Wins for Hidden Weaknesses,"Review winning games with the same rigor as losses, especially positions where the opponent missed a chance.",27_Game_Analysis_and_Improvement,285_Analyze_Wins_for_Hidden_Weaknesses.pdf,6
286,Game Analysis and Improvement,Index Games by Structure and Theme,"Organize instructive games by pawn structure, plan, and error type instead of only by opening name.",27_Game_Analysis_and_Improvement,286_Index_Games_by_Structure_and_Theme.pdf,6
287,Game Analysis and Improvement,Run a Monthly Improvement Audit,"Each month, measure recurring errors, slow-game volume, tactical accuracy, and study transfer.",27_Game_Analysis_and_Improvement,287_Run_a_Monthly_Improvement_Audit.pdf,6
288,Repertoire and Practical Training,Build Around Structures You Understand,Choose openings that lead to a manageable family of pawn structures and plans.,28_Repertoire_and_Practical_Training,288_Build_Around_Structures_You_Understand.pdf,6
289,Repertoire and Practical Training,Choose One Dependable Reply First,Establish one sound response to each major first move before adding alternatives.,28_Repertoire_and_Practical_Training,289_Choose_One_Dependable_Reply_First.pdf,6
290,Repertoire and Practical Training,Learn Sidelines by Purpose,"Against rare moves, understand the opponent's idea and your principled response before memorizing detail.",28_Repertoire_and_Practical_Training,290_Learn_Sidelines_by_Purpose.pdf,6
291,Repertoire and Practical Training,Draw a Move-Order Map,"Map which sequences transpose, which avoid your preferred setup, and where a choice becomes irreversible.",28_Repertoire_and_Practical_Training,291_Draw_a_Move_Order_Map.pdf,6
292,Repertoire and Practical Training,Attach a Why to Every Opening Card,"Store the purpose, tactical justification, and intended structure with every move you memorize.",28_Repertoire_and_Practical_Training,292_Attach_a_Why_to_Every_Opening_Card.pdf,6
293,Repertoire and Practical Training,Study Model Games After the Core Line,"Once the opening moves are stable, study complete games that demonstrate the typical plans and endings.",28_Repertoire_and_Practical_Training,293_Study_Model_Games_After_the_Core_Line.pdf,6
294,Repertoire and Practical Training,"Practice Opening Positions, Not Only Moves",Start training games from key repertoire positions and play them against resistance.,28_Repertoire_and_Practical_Training,294_Practice_Opening_Positions_Not_Only_Moves.pdf,6
295,Repertoire and Practical Training,Rehearse the Opening-to-Middlegame Transition,"At the end of each line, state the pawn breaks, best and worst pieces, exchanges, and opponent's plan.",28_Repertoire_and_Practical_Training,295_Rehearse_the_Opening_to_Middlegame_Transition.pdf,6
296,Repertoire and Practical Training,Use Thematic Sparring Positions,Replay the same critical structure from both sides with different plans and time controls.,28_Repertoire_and_Practical_Training,296_Use_Thematic_Sparring_Positions.pdf,6
297,Repertoire and Practical Training,"Balance Tactics, Endgames, and Slow Games","Keep all three in the training week, then weight extra time toward the dominant weakness.",28_Repertoire_and_Practical_Training,297_Balance_Tactics_Endgames_and_Slow_Games.pdf,6
298,Repertoire and Practical Training,Design a Repeatable Weekly Cycle,"Use a small schedule of study, play, analysis, and retrieval that can survive ordinary weeks.",28_Repertoire_and_Practical_Training,298_Design_a_Repeatable_Weekly_Cycle.pdf,6
299,Repertoire and Practical Training,Match Complexity to Playing Strength,Prefer positions whose strategic demands stretch you without overwhelming your calculation and memory.,28_Repertoire_and_Practical_Training,299_Match_Complexity_to_Playing_Strength.pdf,6
300,Repertoire and Practical Training,Build a Long-Term Chess Curriculum,"Cycle through diagnosis, one priority skill, deliberate practice, slow games, and reassessment.",28_Repertoire_and_Practical_Training,300_Build_a_Long_Term_Chess_Curriculum.pdf,6
