eco,title,group,named_lines,featured_line,featured_moves,engine_cp_white,pages,pdf
A00,Irregular and Uncommon Openings,Flank and irregular openings,144,Mieses Opening,1. d3,-18,18,A_Flank_and_Indian_Openings\A00_Irregular_and_Uncommon_Openings.pdf
A01,Nimzo-Larsen Attack,Flank and irregular openings,15,Nimzo-Larsen Attack,1. b3,-8,4,A_Flank_and_Indian_Openings\A01_Nimzo_Larsen_Attack.pdf
A02,Bird Opening,Flank and irregular openings,19,Bird Opening,1. f4,-36,5,A_Flank_and_Indian_Openings\A02_Bird_Opening.pdf
A03,Bird Opening,Flank and irregular openings,8,Bird Opening: Dutch Variation,1. f4 d5,-29,3,A_Flank_and_Indian_Openings\A03_Bird_Opening.pdf
A04,Zukertort Opening,Flank and irregular openings,31,Zukertort Opening,1. Nf3,40,6,A_Flank_and_Indian_Openings\A04_Zukertort_Opening.pdf
A05,Zukertort Opening,Flank and irregular openings,13,Zukertort Opening,1. Nf3 Nf6,34,4,A_Flank_and_Indian_Openings\A05_Zukertort_Opening.pdf
A06,Zukertort Opening,Flank and irregular openings,13,Zukertort Opening,1. Nf3 d5,35,4,A_Flank_and_Indian_Openings\A06_Zukertort_Opening.pdf
A07,King's Indian Attack,Flank and irregular openings,19,King's Indian Attack,1. Nf3 d5 2. g3,13,5,A_Flank_and_Indian_Openings\A07_Kings_Indian_Attack.pdf
A08,King's Indian Attack,Flank and irregular openings,8,King's Indian Attack: Sicilian Variation,1. Nf3 d5 2. g3 c5 3. Bg2,-1,3,A_Flank_and_Indian_Openings\A08_Kings_Indian_Attack.pdf
A09,Réti Opening,Flank and irregular openings,9,Réti Opening,1. Nf3 d5 2. c4,6,3,A_Flank_and_Indian_Openings\A09_R_ti_Opening.pdf
A10,English Opening,English Opening,20,English Opening,1. c4,-1,5,A_Flank_and_Indian_Openings\A10_English_Opening.pdf
A11,Réti Opening,English Opening,12,"Réti Opening: Anglo-Slav Variation, Gurevich System",1. c4 c6 2. Nf3 d5 3. e3,33,4,A_Flank_and_Indian_Openings\A11_R_ti_Opening.pdf
A12,Réti Opening,English Opening,21,Réti Opening: Anglo-Slav Variation,1. c4 Nf6 2. g3 c6 3. Nf3 d5 4. b3,16,5,A_Flank_and_Indian_Openings\A12_R_ti_Opening.pdf
A13,English Opening,English Opening,16,English Opening: Agincourt Defense,1. c4 e6,32,4,A_Flank_and_Indian_Openings\A13_English_Opening.pdf
A14,English Opening,English Opening,12,"English Opening: Agincourt Defense, Neo-Catalan Declined",1. c4 e6 2. Nf3 d5 3. g3 Nf6 4. Bg2 Be7 5. O-O,44,4,A_Flank_and_Indian_Openings\A14_English_Opening.pdf
A15,English Opening,English Opening,15,English Opening: Anglo-Indian Defense,1. c4 Nf6,27,4,A_Flank_and_Indian_Openings\A15_English_Opening.pdf
A16,English Opening,English Opening,7,English Opening: Anglo-Grünfeld Defense,1. c4 Nf6 2. Nc3 d5,48,3,A_Flank_and_Indian_Openings\A16_English_Opening.pdf
A17,English Opening,English Opening,6,English Opening: Anglo-Indian Defense,1. c4 Nf6 2. Nc3 d5 3. cxd5 Nxd5 4. Nf3 c5 5. e3 e6,21,3,A_Flank_and_Indian_Openings\A17_English_Opening.pdf
A18,English Opening,English Opening,3,English Opening: Mikenas-Carls Variation,1. c4 e6 2. Nc3 Nf6 3. e4,46,3,A_Flank_and_Indian_Openings\A18_English_Opening.pdf
A19,English Opening,English Opening,2,"English Opening: Mikenas-Carls, Sicilian",1. c4 e6 2. Nc3 Nf6 3. e4 c5,72,3,A_Flank_and_Indian_Openings\A19_English_Opening.pdf
A20,English Opening,English Opening,5,English Opening: King's English Variation,1. c4 e5,10,3,A_Flank_and_Indian_Openings\A20_English_Opening.pdf
A21,English Opening,English Opening,6,English Opening: King's English Variation,1. c4 e5 2. Nc3 d6 3. Nf3,47,3,A_Flank_and_Indian_Openings\A21_English_Opening.pdf
A22,English Opening,English Opening,8,English Opening: Carls-Bremen System,1. c4 e5 2. Nc3 Nf6 3. g3,-12,3,A_Flank_and_Indian_Openings\A22_English_Opening.pdf
A23,English Opening,English Opening,2,"English Opening: King's English Variation, Two Knights Variation, Keres Variation",1. c4 e5 2. Nc3 Nf6 3. g3 c6,31,3,A_Flank_and_Indian_Openings\A23_English_Opening.pdf
A24,English Opening,English Opening,1,"English Opening: King's English Variation, Two Knights Variation, Fianchetto Line",1. c4 e5 2. Nc3 Nf6 3. g3 g6,56,3,A_Flank_and_Indian_Openings\A24_English_Opening.pdf
A25,English Opening,English Opening,11,"English Opening: King's English Variation, Reversed Closed Sicilian",1. c4 e5 2. Nc3 Nc6,14,4,A_Flank_and_Indian_Openings\A25_English_Opening.pdf
A26,English Opening,English Opening,2,"English Opening: King's English Variation, Botvinnik System",1. c4 e5 2. Nc3 Nc6 3. g3 g6 4. Bg2 Bg7 5. d3 d6 6. e4,-10,3,A_Flank_and_Indian_Openings\A26_English_Opening.pdf
A27,English Opening,English Opening,1,"English Opening: King's English Variation, Three Knights System",1. c4 e5 2. Nc3 Nc6 3. Nf3,12,3,A_Flank_and_Indian_Openings\A27_English_Opening.pdf
A28,English Opening,English Opening,9,"English Opening: King's English Variation, Four Knights Variation",1. c4 e5 2. Nc3 Nf6 3. Nf3 Nc6,4,3,A_Flank_and_Indian_Openings\A28_English_Opening.pdf
A29,English Opening,English Opening,14,"English Opening: King's English Variation, Four Knights Variation, Fianchetto Line",1. c4 e5 2. Nc3 Nf6 3. Nf3 Nc6 4. g3,4,4,A_Flank_and_Indian_Openings\A29_English_Opening.pdf
A30,English Opening,English Opening,6,English Opening: Symmetrical Variation,1. c4 c5,24,3,A_Flank_and_Indian_Openings\A30_English_Opening.pdf
A31,English Opening,English Opening,1,"English Opening: Symmetrical Variation, Anti-Benoni Variation",1. c4 Nf6 2. d4 c5 3. Nf3,27,3,A_Flank_and_Indian_Openings\A31_English_Opening.pdf
A32,English Opening,English Opening,1,"English Opening: Symmetrical Variation, Anti-Benoni Variation, Spielmann Defense",1. c4 e6 2. d4 c5 3. Nf3 cxd4 4. Nxd4 Nf6,16,3,A_Flank_and_Indian_Openings\A32_English_Opening.pdf
A33,English Opening,English Opening,2,"English Opening: Symmetrical Variation, Anti-Benoni Variation, Spielmann Defense",1. c4 e6 2. Nf3 Nf6 3. Nc3 c5 4. d4 cxd4 5. Nxd4 Nc6,34,3,A_Flank_and_Indian_Openings\A33_English_Opening.pdf
A34,English Opening,English Opening,6,English Opening: Symmetrical Variation,1. c4 c5 2. Nf3 Nf6 3. Nc3 Nc6 4. g3 d5 5. d4 cxd4,26,3,A_Flank_and_Indian_Openings\A34_English_Opening.pdf
A35,English Opening,English Opening,4,English Opening: Symmetrical Variation,1. c4 c5 2. Nc3 Nf6 3. Nf3 e5,127,3,A_Flank_and_Indian_Openings\A35_English_Opening.pdf
A36,English Opening,English Opening,4,"English Opening: Symmetrical Variation, Ultra-Symmetrical Variation",1. c4 c5 2. g3 g6 3. Bg2 Bg7 4. Nc3 Nc6,27,3,A_Flank_and_Indian_Openings\A36_English_Opening.pdf
A37,English Opening,English Opening,9,"English Opening: Symmetrical Variation, Three Knights, Fianchetto Variation",1. c4 c5 2. Nc3 Nc6 3. g3 g6 4. Bg2 Bg7 5. Nf3,24,3,A_Flank_and_Indian_Openings\A37_English_Opening.pdf
A38,English Opening,English Opening,3,"English Opening: Symmetrical Variation, Full Symmetry Line",1. c4 Nf6 2. Nf3 c5 3. Nc3 Nc6 4. g3 g6 5. Bg2 Bg7,47,3,A_Flank_and_Indian_Openings\A38_English_Opening.pdf
A39,English Opening,English Opening,1,"English Opening: Symmetrical Variation, Mecking Variation",1. c4 Nf6 2. Nf3 c5 3. Nc3 Nc6 4. g3 g6 5. Bg2 Bg7 6. O-O O-O 7. d4,33,3,A_Flank_and_Indian_Openings\A39_English_Opening.pdf
A40,Englund Gambit and English Defense Lines,Flexible Queen's Pawn and Indian setups,52,Englund Gambit,1. d4 e5,138,8,A_Flank_and_Indian_Openings\A40_Englund_Gambit_and_English_Defense_Lines.pdf
A41,Rat Defense and Modern Defense Lines,Flexible Queen's Pawn and Indian setups,11,Rat Defense: English Rat,1. d4 d6 2. c4 e5,36,4,A_Flank_and_Indian_Openings\A41_Rat_Defense_and_Modern_Defense_Lines.pdf
A42,Modern Defense,Flexible Queen's Pawn and Indian setups,6,Modern Defense: Averbakh System,1. d4 g6 2. c4 Bg7 3. Nc3 d6 4. e4,56,3,A_Flank_and_Indian_Openings\A42_Modern_Defense.pdf
A43,Benoni Defense,Flexible Queen's Pawn and Indian setups,20,Benoni Defense: Old Benoni,1. d4 c5,65,5,A_Flank_and_Indian_Openings\A43_Benoni_Defense.pdf
A44,Benoni Defense,Flexible Queen's Pawn and Indian setups,2,Benoni Defense: Old Benoni,1. d4 c5 2. d5 e5,122,3,A_Flank_and_Indian_Openings\A44_Benoni_Defense.pdf
A45,Indian Defense,Flexible Queen's Pawn and Indian setups,32,Indian Defense,1. d4 Nf6,35,6,A_Flank_and_Indian_Openings\A45_Indian_Defense.pdf
A46,Indian Defense,Flexible Queen's Pawn and Indian setups,15,Indian Defense: Knights Variation,1. d4 Nf6 2. Nf3,31,4,A_Flank_and_Indian_Openings\A46_Indian_Defense.pdf
A47,Marienbad System,Flexible Queen's Pawn and Indian setups,5,Marienbad System,1. d4 Nf6 2. Nf3 b6 3. g3 Bb7 4. Bg2 c5,44,3,A_Flank_and_Indian_Openings\A47_Marienbad_System.pdf
A48,Queen's Pawn Game and London System Lines,Flexible Queen's Pawn and Indian setups,16,Queen's Pawn Game: Barry Attack,1. d4 Nf6 2. Nf3 g6 3. Nc3 d5 4. Bf4,17,4,A_Flank_and_Indian_Openings\A48_Queens_Pawn_Game_and_London_System_Lines.pdf
A49,Indian Defense,Flexible Queen's Pawn and Indian setups,1,Indian Defense: Przepiorka Variation,1. d4 Nf6 2. Nf3 g6 3. g3,18,3,A_Flank_and_Indian_Openings\A49_Indian_Defense.pdf
A50,Indian Defense,"Benoni, Benko, and Indian structures",7,Indian Defense: Normal Variation,1. d4 Nf6 2. c4,33,3,A_Flank_and_Indian_Openings\A50_Indian_Defense.pdf
A51,Indian Defense,"Benoni, Benko, and Indian structures",5,Indian Defense: Budapest Gambit,1. d4 Nf6 2. c4 e5,97,3,A_Flank_and_Indian_Openings\A51_Indian_Defense.pdf
A52,Indian Defense,"Benoni, Benko, and Indian structures",6,"Indian Defense: Budapest Gambit Accepted, Main Line",1. d4 Nf6 2. c4 e5 3. dxe5 Ng4,83,3,A_Flank_and_Indian_Openings\A52_Indian_Defense.pdf
A53,Old Indian Defense,"Benoni, Benko, and Indian structures",8,Old Indian Defense,1. d4 Nf6 2. c4 d6,64,3,A_Flank_and_Indian_Openings\A53_Old_Indian_Defense.pdf
A54,Old Indian Defense,"Benoni, Benko, and Indian structures",4,Old Indian Defense: Tartakower-Indian,1. d4 Nf6 2. c4 d6 3. Nf3 Bg4,69,3,A_Flank_and_Indian_Openings\A54_Old_Indian_Defense.pdf
A55,Old Indian Defense,"Benoni, Benko, and Indian structures",1,Old Indian Defense: Normal Variation,1. d4 Nf6 2. c4 d6 3. Nc3 Nbd7 4. e4 e5 5. Nf3,60,3,A_Flank_and_Indian_Openings\A55_Old_Indian_Defense.pdf
A56,Benoni Defense,"Benoni, Benko, and Indian structures",7,Benoni Defense,1. d4 Nf6 2. c4 c5,60,3,A_Flank_and_Indian_Openings\A56_Benoni_Defense.pdf
A57,Benko Gambit Declined,"Benoni, Benko, and Indian structures",15,Benko Gambit Declined: Bishop Attack,1. d4 Nf6 2. c4 c5 3. d5 b5 4. Bg5,3,4,A_Flank_and_Indian_Openings\A57_Benko_Gambit_Declined.pdf
A58,Benko Gambit Accepted,"Benoni, Benko, and Indian structures",5,Benko Gambit Accepted: Fully Accepted Variation,1. d4 Nf6 2. c4 c5 3. d5 b5 4. cxb5 a6 5. bxa6,75,3,A_Flank_and_Indian_Openings\A58_Benko_Gambit_Accepted.pdf
A59,Benko Gambit Accepted,"Benoni, Benko, and Indian structures",4,Benko Gambit Accepted: Yugoslav,1. d4 Nf6 2. c4 c5 3. d5 b5 4. cxb5 a6 5. bxa6 Bxa6 6. Nc3 d6 7. e4,58,3,A_Flank_and_Indian_Openings\A59_Benko_Gambit_Accepted.pdf
A60,Benoni Defense,"Benoni, Benko, and Indian structures",2,Benoni Defense: Modern Variation,1. d4 Nf6 2. c4 c5 3. d5 e6,78,3,A_Flank_and_Indian_Openings\A60_Benoni_Defense.pdf
A61,Benoni Defense,"Benoni, Benko, and Indian structures",4,Benoni Defense,1. d4 Nf6 2. c4 e6 3. Nf3 c5 4. d5 exd5 5. cxd5 d6 6. Nc3 g6,93,3,A_Flank_and_Indian_Openings\A61_Benoni_Defense.pdf
A62,Benoni Defense,"Benoni, Benko, and Indian structures",1,Benoni Defense: Fianchetto Variation,1. d4 Nf6 2. c4 e6 3. g3 c5 4. d5 exd5 5. cxd5 d6 6. Nc3 g6 7. Bg2 Bg7 8. Nf3 O-O,50,3,A_Flank_and_Indian_Openings\A62_Benoni_Defense.pdf
A63,Benoni Defense,"Benoni, Benko, and Indian structures",1,"Benoni Defense: Fianchetto Variation, Hastings Defense",1. d4 Nf6 2. c4 e6 3. g3 c5 4. d5 exd5 5. cxd5 d6 6. Nc3 g6 7. Bg2 Bg7 8. Nf3 O-O 9. O-O Nbd7,70,3,A_Flank_and_Indian_Openings\A63_Benoni_Defense.pdf
A64,Benoni Defense,"Benoni, Benko, and Indian structures",1,"Benoni Defense: Fianchetto Variation, Hastings Defense, Main Line",1. d4 Nf6 2. c4 e6 3. g3 c5 4. d5 exd5 5. cxd5 d6 6. Nc3 g6 7. Bg2 Bg7 8. Nf3 O-O 9. O-O a6 10. a4 Nbd7 11. Nd2 Re8,29,3,A_Flank_and_Indian_Openings\A64_Benoni_Defense.pdf
A65,Benoni Defense,"Benoni, Benko, and Indian structures",9,Benoni Defense: King's Pawn Line,1. d4 Nf6 2. c4 c5 3. d5 e6 4. Nc3 exd5 5. cxd5 d6 6. e4,96,3,A_Flank_and_Indian_Openings\A65_Benoni_Defense.pdf
A66,Benoni Defense,"Benoni, Benko, and Indian structures",2,Benoni Defense: Pawn Storm Variation,1. d4 Nf6 2. c4 c5 3. d5 e6 4. Nc3 exd5 5. cxd5 d6 6. e4 g6 7. f4,82,3,A_Flank_and_Indian_Openings\A66_Benoni_Defense.pdf
A67,Benoni Defense,"Benoni, Benko, and Indian structures",1,Benoni Defense: Taimanov Variation,1. d4 Nf6 2. c4 c5 3. d5 e6 4. Nc3 exd5 5. cxd5 d6 6. e4 g6 7. f4 Bg7 8. Bb5+,85,3,A_Flank_and_Indian_Openings\A67_Benoni_Defense.pdf
A68,Benoni Defense,"Benoni, Benko, and Indian structures",1,Benoni Defense: Four Pawns Attack,1. d4 Nf6 2. c4 c5 3. d5 e6 4. Nc3 exd5 5. cxd5 d6 6. e4 g6 7. f4 Bg7 8. Nf3 O-O,44,3,A_Flank_and_Indian_Openings\A68_Benoni_Defense.pdf
A69,Benoni Defense,"Benoni, Benko, and Indian structures",1,"Benoni Defense: Four Pawns Attack, Main Line",1. d4 Nf6 2. c4 c5 3. d5 e6 4. Nc3 exd5 5. cxd5 d6 6. e4 g6 7. f4 Bg7 8. Nf3 O-O 9. Be2 Re8,45,3,A_Flank_and_Indian_Openings\A69_Benoni_Defense.pdf
A70,Benoni Defense,"Benoni, Benko, and Indian structures",3,Benoni Defense: Classical Variation,1. d4 Nf6 2. c4 e6 3. Nf3 c5 4. d5 exd5 5. cxd5 d6 6. Nc3 g6 7. e4,79,3,A_Flank_and_Indian_Openings\A70_Benoni_Defense.pdf
A71,Benoni Defense,"Benoni, Benko, and Indian structures",1,"Benoni Defense: Classical Variation, Averbakh-Grivas Attack",1. d4 Nf6 2. c4 e6 3. Nf3 c5 4. d5 exd5 5. cxd5 d6 6. Nc3 g6 7. e4 Bg7 8. Bg5,51,3,A_Flank_and_Indian_Openings\A71_Benoni_Defense.pdf
A72,Benoni Defense,"Benoni, Benko, and Indian structures",1,Benoni Defense: Classical Variation,1. d4 Nf6 2. c4 c5 3. d5 e6 4. Nc3 exd5 5. cxd5 d6 6. e4 g6 7. Nf3 Bg7 8. Be2 O-O,69,3,A_Flank_and_Indian_Openings\A72_Benoni_Defense.pdf
A73,Benoni Defense,"Benoni, Benko, and Indian structures",1,"Benoni Defense: Classical Variation, Main Line",1. d4 Nf6 2. c4 c5 3. d5 e6 4. Nc3 exd5 5. cxd5 d6 6. e4 g6 7. Nf3 Bg7 8. Be2 O-O 9. O-O,37,3,A_Flank_and_Indian_Openings\A73_Benoni_Defense.pdf
A74,Benoni Defense,"Benoni, Benko, and Indian structures",1,"Benoni Defense: Classical Variation, Full Line",1. d4 Nf6 2. c4 c5 3. d5 e6 4. Nc3 exd5 5. cxd5 d6 6. e4 g6 7. Nf3 Bg7 8. Be2 O-O 9. O-O a6 10. a4,57,3,A_Flank_and_Indian_Openings\A74_Benoni_Defense.pdf
A75,Benoni Defense,"Benoni, Benko, and Indian structures",1,"Benoni Defense: Classical Variation, Argentine Counterattack",1. d4 Nf6 2. c4 e6 3. Nf3 c5 4. d5 exd5 5. cxd5 d6 6. Nc3 g6 7. e4 Bg7 8. Be2 O-O 9. O-O a6 10. a4 Bg4,54,3,A_Flank_and_Indian_Openings\A75_Benoni_Defense.pdf
A76,Benoni Defense,"Benoni, Benko, and Indian structures",1,"Benoni Defense: Classical Variation, Czerniak Defense",1. d4 Nf6 2. c4 c5 3. d5 e6 4. Nc3 exd5 5. cxd5 d6 6. e4 g6 7. Nf3 Bg7 8. Be2 O-O 9. O-O Re8,69,3,A_Flank_and_Indian_Openings\A76_Benoni_Defense.pdf
A77,Benoni Defense,"Benoni, Benko, and Indian structures",1,"Benoni Defense: Classical Variation, Czerniak Defense, Tal Line",1. d4 Nf6 2. c4 c5 3. d5 e6 4. Nc3 exd5 5. cxd5 d6 6. e4 g6 7. Nf3 Bg7 8. Be2 O-O 9. O-O Re8 10. Nd2,80,3,A_Flank_and_Indian_Openings\A77_Benoni_Defense.pdf
A78,Benoni Defense,"Benoni, Benko, and Indian structures",1,"Benoni Defense: Classical Variation, Czerniak Defense",1. d4 Nf6 2. c4 e6 3. Nf3 c5 4. d5 exd5 5. cxd5 d6 6. Nc3 g6 7. e4 Bg7 8. Be2 O-O 9. O-O Re8 10. Nd2 Na6,75,3,A_Flank_and_Indian_Openings\A78_Benoni_Defense.pdf
A79,Benoni Defense,"Benoni, Benko, and Indian structures",1,"Benoni Defense: Classical Variation, Czerniak Defense",1. d4 Nf6 2. c4 c5 3. d5 e6 4. Nc3 exd5 5. cxd5 d6 6. e4 g6 7. Nf3 Bg7 8. Be2 O-O 9. O-O Re8 10. Nd2 Na6 11. f3,77,3,A_Flank_and_Indian_Openings\A79_Benoni_Defense.pdf
A80,Dutch Defense,Dutch Defense,19,Dutch Defense,1. d4 f5,69,5,A_Flank_and_Indian_Openings\A80_Dutch_Defense.pdf
A81,Dutch Defense,Dutch Defense,5,Dutch Defense: Fianchetto Attack,1. d4 f5 2. g3,74,3,A_Flank_and_Indian_Openings\A81_Dutch_Defense.pdf
A82,Dutch Defense,Dutch Defense,6,Dutch Defense: Staunton Gambit,1. d4 f5 2. e4,-22,3,A_Flank_and_Indian_Openings\A82_Dutch_Defense.pdf
A83,Dutch Defense,Dutch Defense,5,Dutch Defense: Staunton Gambit,1. d4 f5 2. e4 fxe4 3. Nc3 Nf6 4. Bg5,0,3,A_Flank_and_Indian_Openings\A83_Dutch_Defense.pdf
A84,Dutch Defense,Dutch Defense,7,Dutch Defense,1. d4 f5 2. c4,69,3,A_Flank_and_Indian_Openings\A84_Dutch_Defense.pdf
A85,Dutch Defense,Dutch Defense,1,Dutch Defense: Queen's Knight Variation,1. d4 f5 2. c4 Nf6 3. Nc3,63,3,A_Flank_and_Indian_Openings\A85_Dutch_Defense.pdf
A86,Dutch Defense,Dutch Defense,3,Dutch Defense: Fianchetto Variation,1. d4 f5 2. c4 Nf6 3. g3,69,3,A_Flank_and_Indian_Openings\A86_Dutch_Defense.pdf
A87,Dutch Defense,Dutch Defense,1,Dutch Defense: Leningrad Variation,1. d4 f5 2. c4 Nf6 3. g3 g6 4. Bg2 Bg7 5. Nf3,66,3,A_Flank_and_Indian_Openings\A87_Dutch_Defense.pdf
A88,Dutch Defense,Dutch Defense,1,"Dutch Defense: Leningrad Variation, Warsaw Variation",1. d4 f5 2. g3 Nf6 3. Bg2 g6 4. Nf3 Bg7 5. O-O O-O 6. c4 d6 7. Nc3 c6,77,3,A_Flank_and_Indian_Openings\A88_Dutch_Defense.pdf
A89,Dutch Defense,Dutch Defense,1,"Dutch Defense: Leningrad Variation, Matulovic Variation",1. d4 f5 2. g3 Nf6 3. Bg2 g6 4. Nf3 Bg7 5. O-O O-O 6. c4 d6 7. Nc3 Nc6,88,3,A_Flank_and_Indian_Openings\A89_Dutch_Defense.pdf
A90,Dutch Defense,Dutch Defense,5,Dutch Defense: Classical Variation,1. d4 f5 2. c4 Nf6 3. g3 e6 4. Bg2,63,3,A_Flank_and_Indian_Openings\A90_Dutch_Defense.pdf
A91,Dutch Defense,Dutch Defense,2,Dutch Defense: Classical Variation,1. d4 f5 2. c4 Nf6 3. g3 e6 4. Bg2 Be7,64,3,A_Flank_and_Indian_Openings\A91_Dutch_Defense.pdf
A92,Dutch Defense,Dutch Defense,4,Dutch Defense: Classical Variation,1. d4 f5 2. c4 Nf6 3. g3 e6 4. Bg2 Be7 5. Nf3 O-O,70,3,A_Flank_and_Indian_Openings\A92_Dutch_Defense.pdf
A93,Dutch Defense,Dutch Defense,1,"Dutch Defense: Stonewall Variation, Botvinnik Variation",1. d4 f5 2. c4 Nf6 3. g3 e6 4. Bg2 Be7 5. Nf3 O-O 6. O-O d5 7. b3,52,3,A_Flank_and_Indian_Openings\A93_Dutch_Defense.pdf
A94,Dutch Defense,Dutch Defense,1,Dutch Defense: Stonewall Variation,1. d4 f5 2. c4 Nf6 3. g3 e6 4. Bg2 Be7 5. Nf3 O-O 6. O-O d5 7. b3 c6 8. Ba3,56,3,A_Flank_and_Indian_Openings\A94_Dutch_Defense.pdf
A95,Dutch Defense,Dutch Defense,2,Dutch Defense: Stonewall Variation,1. d4 f5 2. c4 Nf6 3. g3 e6 4. Bg2 Be7 5. Nf3 O-O 6. O-O d5 7. Nc3 c6,53,3,A_Flank_and_Indian_Openings\A95_Dutch_Defense.pdf
A96,Dutch Defense,Dutch Defense,3,Dutch Defense: Classical Variation,1. d4 f5 2. c4 Nf6 3. g3 e6 4. Bg2 Be7 5. Nf3 O-O 6. O-O d6,76,3,A_Flank_and_Indian_Openings\A96_Dutch_Defense.pdf
A97,Dutch Defense,Dutch Defense,2,"Dutch Defense: Classical Variation, Ilyin-Zhenevsky Variation",1. d4 f5 2. c4 Nf6 3. g3 e6 4. Bg2 Be7 5. Nf3 O-O 6. O-O d6 7. Nc3 Qe8,75,3,A_Flank_and_Indian_Openings\A97_Dutch_Defense.pdf
A98,Dutch Defense,Dutch Defense,1,"Dutch Defense: Classical Variation, Ilyin-Zhenevsky Variation, Alatortsev-Lisitsyn Line",1. d4 f5 2. c4 Nf6 3. g3 e6 4. Bg2 Be7 5. Nf3 O-O 6. O-O d6 7. Nc3 Qe8 8. Qc2,71,3,A_Flank_and_Indian_Openings\A98_Dutch_Defense.pdf
A99,Dutch Defense,Dutch Defense,1,"Dutch Defense: Classical Variation, Ilyin-Zhenevsky Variation, Modern Main Line",1. d4 f5 2. c4 Nf6 3. g3 e6 4. Bg2 Be7 5. Nf3 O-O 6. O-O d6 7. Nc3 Qe8 8. b3,75,3,A_Flank_and_Indian_Openings\A99_Dutch_Defense.pdf
B00,Uncommon King's Pawn Openings,Semi-open and uncommon replies to 1.e4,83,Owen Defense,1. e4 b6,72,12,B_Semi_Open_Games\B00_Uncommon_Kings_Pawn_Openings.pdf
B01,Scandinavian Defense,Semi-open and uncommon replies to 1.e4,46,Scandinavian Defense,1. e4 d5,69,8,B_Semi_Open_Games\B01_Scandinavian_Defense.pdf
B02,Alekhine Defense,Semi-open and uncommon replies to 1.e4,27,Alekhine Defense,1. e4 Nf6,83,5,B_Semi_Open_Games\B02_Alekhine_Defense.pdf
B03,Alekhine Defense,Semi-open and uncommon replies to 1.e4,18,Alekhine Defense,1. e4 Nf6 2. e5 Nd5 3. d4,85,4,B_Semi_Open_Games\B03_Alekhine_Defense.pdf
B04,Alekhine Defense,Semi-open and uncommon replies to 1.e4,6,Alekhine Defense: Modern Variation,1. e4 Nf6 2. e5 Nd5 3. d4 d6 4. Nf3,66,3,B_Semi_Open_Games\B04_Alekhine_Defense.pdf
B05,Alekhine Defense,Semi-open and uncommon replies to 1.e4,5,"Alekhine Defense: Modern Variation, Main Line",1. e4 Nf6 2. e5 Nd5 3. d4 d6 4. Nf3 Bg4,91,3,B_Semi_Open_Games\B05_Alekhine_Defense.pdf
B06,Modern Defense,Semi-open and uncommon replies to 1.e4,45,Modern Defense,1. e4 g6,60,7,B_Semi_Open_Games\B06_Modern_Defense.pdf
B07,Pirc Defense,Semi-open and uncommon replies to 1.e4,17,Pirc Defense,1. e4 d6 2. d4 Nf6 3. Nc3 g6,81,4,B_Semi_Open_Games\B07_Pirc_Defense.pdf
B08,Pirc Defense,Semi-open and uncommon replies to 1.e4,7,Pirc Defense: Classical Variation,1. e4 d6 2. d4 Nf6 3. Nc3 g6 4. Nf3,67,3,B_Semi_Open_Games\B08_Pirc_Defense.pdf
B09,Pirc Defense,Semi-open and uncommon replies to 1.e4,8,Pirc Defense: Austrian Attack,1. e4 d6 2. d4 Nf6 3. Nc3 g6 4. f4,74,3,B_Semi_Open_Games\B09_Pirc_Defense.pdf
B10,Caro-Kann Defense,Caro-Kann Defense,29,Caro-Kann Defense,1. e4 c6,54,6,B_Semi_Open_Games\B10_Caro_Kann_Defense.pdf
B11,Caro-Kann Defense,Caro-Kann Defense,3,"Caro-Kann Defense: Two Knights Attack, Mindeno Variation",1. e4 c6 2. Nc3 d5 3. Nf3 Bg4,52,3,B_Semi_Open_Games\B11_Caro_Kann_Defense.pdf
B12,Caro-Kann Defense,Caro-Kann Defense,24,Caro-Kann Defense,1. e4 c6 2. d4,48,5,B_Semi_Open_Games\B12_Caro_Kann_Defense.pdf
B13,Caro-Kann Defense,Caro-Kann Defense,15,Caro-Kann Defense: Exchange Variation,1. e4 c6 2. d4 d5 3. exd5,34,4,B_Semi_Open_Games\B13_Caro_Kann_Defense.pdf
B14,Caro-Kann Defense,Caro-Kann Defense,7,Caro-Kann Defense: Panov Attack,1. e4 c6 2. d4 d5 3. exd5 cxd5 4. c4 Nf6 5. Nc3 e6,44,3,B_Semi_Open_Games\B14_Caro_Kann_Defense.pdf
B15,Caro-Kann Defense,Caro-Kann Defense,13,Caro-Kann Defense,1. e4 c6 2. d4 d5 3. Nc3,35,4,B_Semi_Open_Games\B15_Caro_Kann_Defense.pdf
B16,Caro-Kann Defense,Caro-Kann Defense,2,Caro-Kann Defense: Finnish Variation,1. e4 c6 2. d4 d5 3. Nd2 dxe4 4. Nxe4 h6,74,3,B_Semi_Open_Games\B16_Caro_Kann_Defense.pdf
B17,Caro-Kann Defense,Caro-Kann Defense,8,Caro-Kann Defense: Karpov Variation,1. e4 c6 2. d4 d5 3. Nd2 dxe4 4. Nxe4 Nd7,64,3,B_Semi_Open_Games\B17_Caro_Kann_Defense.pdf
B18,Caro-Kann Defense,Caro-Kann Defense,5,Caro-Kann Defense: Classical Variation,1. e4 c6 2. d4 d5 3. Nd2 dxe4 4. Nxe4 Bf5,42,3,B_Semi_Open_Games\B18_Caro_Kann_Defense.pdf
B19,Caro-Kann Defense,Caro-Kann Defense,4,Caro-Kann Defense: Classical Variation,1. e4 c6 2. d4 d5 3. Nd2 dxe4 4. Nxe4 Bf5 5. Ng3 Bg6 6. h4 h6 7. Nf3 Nd7,23,3,B_Semi_Open_Games\B19_Caro_Kann_Defense.pdf
B20,Sicilian Defense,Sicilian Defense,27,Sicilian Defense,1. e4 c5,49,5,B_Semi_Open_Games\B20_Sicilian_Defense.pdf
B21,Sicilian Defense,Sicilian Defense,37,Sicilian Defense: McDonnell Attack,1. e4 c5 2. f4,-10,7,B_Semi_Open_Games\B21_Sicilian_Defense.pdf
B22,Sicilian Defense,Sicilian Defense,15,Sicilian Defense: Alapin Variation,1. e4 c5 2. c3,27,4,B_Semi_Open_Games\B22_Sicilian_Defense.pdf
B23,Sicilian Defense,Sicilian Defense,11,Sicilian Defense: Closed,1. e4 c5 2. Nc3,42,4,B_Semi_Open_Games\B23_Sicilian_Defense.pdf
B24,Sicilian Defense,Sicilian Defense,4,Sicilian Defense: Closed,1. e4 c5 2. Nc3 Nc6 3. g3 g6,11,3,B_Semi_Open_Games\B24_Sicilian_Defense.pdf
B25,Sicilian Defense,Sicilian Defense,5,Sicilian Defense: Closed,1. e4 c5 2. Nc3 Nc6 3. g3 g6 4. Bg2 Bg7 5. d3 d6,-1,3,B_Semi_Open_Games\B25_Sicilian_Defense.pdf
B26,Sicilian Defense,Sicilian Defense,1,Sicilian Defense: Closed,1. e4 c5 2. Nc3 Nc6 3. g3 g6 4. Bg2 Bg7 5. d3 d6 6. Be3,-48,3,B_Semi_Open_Games\B26_Sicilian_Defense.pdf
B27,Sicilian Defense,Sicilian Defense,23,Sicilian Defense,1. e4 c5 2. Nf3,39,5,B_Semi_Open_Games\B27_Sicilian_Defense.pdf
B28,Sicilian Defense,Sicilian Defense,20,Sicilian Defense: O'Kelly Variation,1. e4 c5 2. Nf3 a6,50,5,B_Semi_Open_Games\B28_Sicilian_Defense.pdf
B29,Sicilian Defense,Sicilian Defense,5,Sicilian Defense: Nimzowitsch Variation,1. e4 c5 2. Nf3 Nf6,109,3,B_Semi_Open_Games\B29_Sicilian_Defense.pdf
B30,Sicilian Defense,Sicilian Defense,9,Sicilian Defense: Old Sicilian,1. e4 c5 2. Nf3 Nc6,61,3,B_Semi_Open_Games\B30_Sicilian_Defense.pdf
B31,Sicilian Defense,Sicilian Defense,5,"Sicilian Defense: Nyezhmetdinov-Rossolimo Attack, Fianchetto Variation",1. e4 c5 2. Nf3 Nc6 3. Bb5 g6,43,3,B_Semi_Open_Games\B31_Sicilian_Defense.pdf
B32,Sicilian Defense,Sicilian Defense,11,Sicilian Defense: Open,1. e4 c5 2. Nf3 Nc6 3. d4,48,4,B_Semi_Open_Games\B32_Sicilian_Defense.pdf
B33,Sicilian Defense,Sicilian Defense,11,Sicilian Defense: Open,1. e4 c5 2. Nf3 Nc6 3. d4 cxd4 4. Nxd4 Nf6,53,4,B_Semi_Open_Games\B33_Sicilian_Defense.pdf
B34,Sicilian Defense,Sicilian Defense,2,"Sicilian Defense: Accelerated Dragon, Exchange Variation",1. e4 c5 2. Nf3 Nc6 3. d4 cxd4 4. Nxd4 g6 5. Nxc6,19,3,B_Semi_Open_Games\B34_Sicilian_Defense.pdf
B35,Sicilian Defense,Sicilian Defense,2,"Sicilian Defense: Accelerated Dragon, Modern Bc4 Variation",1. e4 c5 2. Nf3 Nc6 3. d4 cxd4 4. Nxd4 g6 5. Nc3 Bg7 6. Be3 Nf6 7. Bc4,31,3,B_Semi_Open_Games\B35_Sicilian_Defense.pdf
B36,Sicilian Defense,Sicilian Defense,2,"Sicilian Defense: Accelerated Dragon, Maróczy Bind",1. e4 c5 2. Nf3 Nc6 3. d4 cxd4 4. Nxd4 g6 5. c4,13,3,B_Semi_Open_Games\B36_Sicilian_Defense.pdf
B37,Sicilian Defense,Sicilian Defense,2,"Sicilian Defense: Accelerated Dragon, Maróczy Bind",1. e4 c5 2. Nf3 Nc6 3. d4 cxd4 4. Nxd4 g6 5. c4 Bg7,54,3,B_Semi_Open_Games\B37_Sicilian_Defense.pdf
B38,Sicilian Defense,Sicilian Defense,1,"Sicilian Defense: Accelerated Dragon, Maróczy Bind",1. e4 c5 2. Nf3 Nc6 3. d4 cxd4 4. Nxd4 g6 5. c4 Bg7 6. Be3,59,3,B_Semi_Open_Games\B38_Sicilian_Defense.pdf
B39,Sicilian Defense,Sicilian Defense,1,"Sicilian Defense: Accelerated Dragon, Maróczy Bind, Breyer Variation",1. e4 c5 2. Nf3 Nc6 3. d4 cxd4 4. Nxd4 g6 5. c4 Bg7 6. Be3 Nf6 7. Nc3 Ng4,74,3,B_Semi_Open_Games\B39_Sicilian_Defense.pdf
B40,Sicilian Defense,Sicilian Defense,18,Sicilian Defense: French Variation,1. e4 c5 2. Nf3 e6,57,4,B_Semi_Open_Games\B40_Sicilian_Defense.pdf
B41,Sicilian Defense,Sicilian Defense,5,Sicilian Defense: Kan Variation,1. e4 c5 2. Nf3 e6 3. d4 cxd4 4. Nxd4 a6,44,3,B_Semi_Open_Games\B41_Sicilian_Defense.pdf
B42,Sicilian Defense,Sicilian Defense,4,"Sicilian Defense: Kan Variation, Modern Variation",1. e4 c5 2. Nf3 e6 3. d4 cxd4 4. Nxd4 a6 5. Bd3,42,3,B_Semi_Open_Games\B42_Sicilian_Defense.pdf
B43,Sicilian Defense,Sicilian Defense,4,"Sicilian Defense: Kan Variation, Knight Variation",1. e4 c5 2. Nf3 e6 3. d4 cxd4 4. Nxd4 a6 5. Nc3,34,3,B_Semi_Open_Games\B43_Sicilian_Defense.pdf
B44,Sicilian Defense,Sicilian Defense,4,Sicilian Defense: Taimanov Variation,1. e4 c5 2. Nf3 e6 3. d4 cxd4 4. Nxd4 Nc6,94,3,B_Semi_Open_Games\B44_Sicilian_Defense.pdf
B45,Sicilian Defense,Sicilian Defense,6,Sicilian Defense: Taimanov Variation,1. e4 c5 2. Nf3 e6 3. d4 cxd4 4. Nxd4 Nc6 5. Nc3,54,3,B_Semi_Open_Games\B45_Sicilian_Defense.pdf
B46,Sicilian Defense,Sicilian Defense,1,Sicilian Defense: Taimanov Variation,1. e4 c5 2. Nf3 e6 3. d4 cxd4 4. Nxd4 Nc6 5. Nc3 a6,61,3,B_Semi_Open_Games\B46_Sicilian_Defense.pdf
B47,Sicilian Defense,Sicilian Defense,2,"Sicilian Defense: Taimanov Variation, Bastrikov Variation",1. e4 c5 2. Nf3 e6 3. d4 cxd4 4. Nxd4 Nc6 5. Nc3 Qc7,50,3,B_Semi_Open_Games\B47_Sicilian_Defense.pdf
B48,Sicilian Defense,Sicilian Defense,1,"Sicilian Defense: Taimanov Variation, Bastrikov Variation, English Attack",1. e4 c5 2. Nf3 e6 3. d4 cxd4 4. Nxd4 Nc6 5. Nc3 Qc7 6. Be3,60,3,B_Semi_Open_Games\B48_Sicilian_Defense.pdf
B49,Sicilian Defense,Sicilian Defense,1,"Sicilian Defense: Taimanov Variation, Bastrikov Variation",1. e4 c5 2. Nf3 e6 3. d4 cxd4 4. Nxd4 Nc6 5. Nc3 Qc7 6. Be3 a6 7. Be2,29,3,B_Semi_Open_Games\B49_Sicilian_Defense.pdf
B50,Sicilian Defense,Sicilian Defense,12,Sicilian Defense,1. e4 c5 2. Nf3 d6 3. d4,49,4,B_Semi_Open_Games\B50_Sicilian_Defense.pdf
B51,Sicilian Defense,Sicilian Defense,3,Sicilian Defense: Moscow Variation,1. e4 c5 2. Nf3 d6 3. Bb5+,39,3,B_Semi_Open_Games\B51_Sicilian_Defense.pdf
B52,Sicilian Defense,Sicilian Defense,3,"Sicilian Defense: Moscow Variation, Main Line",1. e4 c5 2. Nf3 d6 3. Bb5+ Bd7,33,3,B_Semi_Open_Games\B52_Sicilian_Defense.pdf
B53,Sicilian Defense,Sicilian Defense,2,Sicilian Defense: Chekhover Variation,1. e4 c5 2. Nf3 d6 3. d4 cxd4 4. Qxd4,17,3,B_Semi_Open_Games\B53_Sicilian_Defense.pdf
B54,Sicilian Defense,Sicilian Defense,4,Sicilian Defense: Prins Variation,1. e4 c5 2. Nf3 d6 3. d4 cxd4 4. Nxd4 Nf6 5. f3,-4,3,B_Semi_Open_Games\B54_Sicilian_Defense.pdf
B55,Sicilian Defense,Sicilian Defense,1,"Sicilian Defense: Prins Variation, Venice Attack",1. e4 c5 2. Nf3 d6 3. d4 cxd4 4. Nxd4 Nf6 5. f3 e5 6. Bb5+,-8,3,B_Semi_Open_Games\B55_Sicilian_Defense.pdf
B56,Sicilian Defense,Sicilian Defense,5,Sicilian Defense: Classical Variation,1. e4 c5 2. Nf3 d6 3. d4 cxd4 4. Nxd4 Nf6 5. Nc3 Nc6,46,3,B_Semi_Open_Games\B56_Sicilian_Defense.pdf
B57,Sicilian Defense,Sicilian Defense,3,Sicilian Defense: Magnus Smith Trap,1. e4 c5 2. Nf3 Nc6 3. d4 cxd4 4. Nxd4 Nf6 5. Nc3 d6 6. Bc4 g6 7. Nxc6 bxc6 8. e5,66,3,B_Semi_Open_Games\B57_Sicilian_Defense.pdf
B58,Sicilian Defense,Sicilian Defense,4,Sicilian Defense: Classical Variation,1. e4 c5 2. Nf3 d6 3. d4 cxd4 4. Nxd4 Nf6 5. Nc3 Nc6 6. Be2,21,3,B_Semi_Open_Games\B58_Sicilian_Defense.pdf
B59,Sicilian Defense,Sicilian Defense,1,Sicilian Defense: Boleslavsky Variation,1. e4 c5 2. Nf3 Nc6 3. d4 cxd4 4. Nxd4 Nf6 5. Nc3 d6 6. Be2 e5 7. Nb3,21,3,B_Semi_Open_Games\B59_Sicilian_Defense.pdf
B60,Sicilian Defense,Sicilian Defense,3,Sicilian Defense: Richter-Rauzer Variation,1. e4 c5 2. Nf3 d6 3. d4 cxd4 4. Nxd4 Nf6 5. Nc3 Nc6 6. Bg5,35,3,B_Semi_Open_Games\B60_Sicilian_Defense.pdf
B61,Sicilian Defense,Sicilian Defense,1,"Sicilian Defense: Richter-Rauzer Variation, Modern Variation",1. e4 c5 2. Nf3 Nc6 3. d4 cxd4 4. Nxd4 Nf6 5. Nc3 d6 6. Bg5 Bd7 7. Qd2,62,3,B_Semi_Open_Games\B61_Sicilian_Defense.pdf
B62,Sicilian Defense,Sicilian Defense,5,Sicilian Defense: Richter-Rauzer Variation,1. e4 c5 2. Nf3 d6 3. d4 cxd4 4. Nxd4 Nf6 5. Nc3 Nc6 6. Bg5 e6,43,3,B_Semi_Open_Games\B62_Sicilian_Defense.pdf
B63,Sicilian Defense,Sicilian Defense,4,"Sicilian Defense: Richter-Rauzer Variation, Traditional Variation",1. e4 c5 2. Nf3 d6 3. d4 cxd4 4. Nxd4 Nf6 5. Nc3 Nc6 6. Bg5 e6 7. Qd2,55,3,B_Semi_Open_Games\B63_Sicilian_Defense.pdf
B64,Sicilian Defense,Sicilian Defense,2,"Sicilian Defense: Richter-Rauzer Variation, Classical Variation",1. e4 c5 2. Nf3 d6 3. d4 cxd4 4. Nxd4 Nf6 5. Nc3 Nc6 6. Bg5 e6 7. Qd2 Be7 8. O-O-O O-O 9. f4,61,3,B_Semi_Open_Games\B64_Sicilian_Defense.pdf
B65,Sicilian Defense,Sicilian Defense,2,"Sicilian Defense: Richter-Rauzer Variation, Rauzer Attack",1. e4 c5 2. Nf3 d6 3. d4 cxd4 4. Nxd4 Nf6 5. Nc3 Nc6 6. Bg5 e6 7. Qd2 Be7 8. O-O-O O-O 9. f4 Nxd4,49,3,B_Semi_Open_Games\B65_Sicilian_Defense.pdf
B66,Sicilian Defense,Sicilian Defense,1,"Sicilian Defense: Richter-Rauzer Variation, Neo-Modern Variation, Early Deviations",1. e4 c5 2. Nf3 d6 3. d4 cxd4 4. Nxd4 Nf6 5. Nc3 Nc6 6. Bg5 e6 7. Qd2 a6,62,3,B_Semi_Open_Games\B66_Sicilian_Defense.pdf
B67,Sicilian Defense,Sicilian Defense,1,"Sicilian Defense: Richter-Rauzer Variation, Neo-Modern Variation",1. e4 c5 2. Nf3 Nc6 3. d4 cxd4 4. Nxd4 Nf6 5. Nc3 d6 6. Bg5 e6 7. Qd2 a6 8. O-O-O Bd7,52,3,B_Semi_Open_Games\B67_Sicilian_Defense.pdf
B68,Sicilian Defense,Sicilian Defense,1,"Sicilian Defense: Richter-Rauzer Variation, Neo-Modern Variation",1. e4 c5 2. Nf3 Nc6 3. d4 cxd4 4. Nxd4 Nf6 5. Nc3 d6 6. Bg5 e6 7. Qd2 a6 8. O-O-O Bd7 9. f4 Be7,53,3,B_Semi_Open_Games\B68_Sicilian_Defense.pdf
B69,Sicilian Defense,Sicilian Defense,1,"Sicilian Defense: Richter-Rauzer Variation, Neo-Modern Variation, Nyezhmetdinov Attack",1. e4 c5 2. Nf3 Nc6 3. d4 cxd4 4. Nxd4 Nf6 5. Nc3 d6 6. Bg5 e6 7. Qd2 a6 8. O-O-O Bd7 9. f4 Be7 10. Nf3 b5 11. Bxf6,49,3,B_Semi_Open_Games\B69_Sicilian_Defense.pdf
B70,Sicilian Defense,Sicilian Defense,3,Sicilian Defense: Dragon Variation,1. e4 c5 2. Nf3 d6 3. d4 cxd4 4. Nxd4 Nf6 5. Nc3 g6,62,3,B_Semi_Open_Games\B70_Sicilian_Defense.pdf
B71,Sicilian Defense,Sicilian Defense,2,"Sicilian Defense: Dragon Variation, Levenfish Variation",1. e4 c5 2. Nf3 d6 3. d4 cxd4 4. Nxd4 Nf6 5. Nc3 g6 6. f4,38,3,B_Semi_Open_Games\B71_Sicilian_Defense.pdf
B72,Sicilian Defense,Sicilian Defense,6,Sicilian Defense: Dragon Variation,1. e4 c5 2. Nf3 d6 3. d4 cxd4 4. Nxd4 Nf6 5. Nc3 g6 6. Be3,59,3,B_Semi_Open_Games\B72_Sicilian_Defense.pdf
B73,Sicilian Defense,Sicilian Defense,3,"Sicilian Defense: Dragon Variation, Classical Variation",1. e4 c5 2. Nf3 d6 3. d4 cxd4 4. Nxd4 Nf6 5. Nc3 g6 6. Be2 Bg7 7. O-O Nc6 8. Be3,30,3,B_Semi_Open_Games\B73_Sicilian_Defense.pdf
B74,Sicilian Defense,Sicilian Defense,7,"Sicilian Defense: Dragon Variation, Classical Variation, Normal Line",1. e4 c5 2. Nf3 d6 3. d4 cxd4 4. Nxd4 Nf6 5. Nc3 g6 6. Be2 Bg7 7. O-O O-O 8. Be3 Nc6 9. Nb3,2,3,B_Semi_Open_Games\B74_Sicilian_Defense.pdf
B75,Sicilian Defense,Sicilian Defense,3,"Sicilian Defense: Dragon Variation, Yugoslav Attack, Early Deviations",1. e4 c5 2. Nf3 d6 3. d4 cxd4 4. Nxd4 Nf6 5. Nc3 g6 6. Be3 Bg7 7. f3,56,3,B_Semi_Open_Games\B75_Sicilian_Defense.pdf
B76,Sicilian Defense,Sicilian Defense,4,"Sicilian Defense: Dragon Variation, Yugoslav Attack",1. e4 c5 2. Nf3 d6 3. d4 cxd4 4. Nxd4 Nf6 5. Nc3 g6 6. Be3 Bg7 7. f3 O-O,78,3,B_Semi_Open_Games\B76_Sicilian_Defense.pdf
B77,Sicilian Defense,Sicilian Defense,7,"Sicilian Defense: Dragon Variation, Yugoslav Attack, Main Line",1. e4 c5 2. Nf3 d6 3. d4 cxd4 4. Nxd4 Nf6 5. Nc3 g6 6. Be3 Bg7 7. f3 O-O 8. Qd2 Nc6 9. Bc4,61,3,B_Semi_Open_Games\B77_Sicilian_Defense.pdf
B78,Sicilian Defense,Sicilian Defense,4,"Sicilian Defense: Dragon Variation, Yugoslav Attack",1. e4 c5 2. Nf3 d6 3. d4 cxd4 4. Nxd4 Nf6 5. Nc3 g6 6. Be3 Bg7 7. f3 O-O 8. Qd2 Nc6 9. Bc4 Bd7 10. O-O-O,80,3,B_Semi_Open_Games\B78_Sicilian_Defense.pdf
B79,Sicilian Defense,Sicilian Defense,2,"Sicilian Defense: Dragon Variation, Yugoslav Attack",1. e4 c5 2. Nf3 d6 3. d4 cxd4 4. Nxd4 Nf6 5. Nc3 g6 6. Be3 Bg7 7. f3 O-O 8. Qd2 Nc6 9. Bc4 Bd7 10. h4 Qa5 11. O-O-O Rfc8 12. Bb3,108,3,B_Semi_Open_Games\B79_Sicilian_Defense.pdf
B80,Sicilian Defense,Sicilian Defense,4,Sicilian Defense: Scheveningen Variation,1. e4 c5 2. Nf3 e6 3. d4 cxd4 4. Nxd4 Nf6 5. Nc3 d6,58,3,B_Semi_Open_Games\B80_Sicilian_Defense.pdf
B81,Sicilian Defense,Sicilian Defense,1,"Sicilian Defense: Scheveningen Variation, Keres Attack",1. e4 c5 2. Nf3 e6 3. d4 cxd4 4. Nxd4 Nf6 5. Nc3 d6 6. g4,57,3,B_Semi_Open_Games\B81_Sicilian_Defense.pdf
B82,Sicilian Defense,Sicilian Defense,2,"Sicilian Defense: Scheveningen Variation, Matanovic Attack",1. e4 c5 2. Nf3 e6 3. d4 cxd4 4. Nxd4 Nf6 5. Nc3 d6 6. f4,49,3,B_Semi_Open_Games\B82_Sicilian_Defense.pdf
B83,Sicilian Defense,Sicilian Defense,4,"Sicilian Defense: Scheveningen Variation, Classical Variation",1. e4 c5 2. Nf3 e6 3. d4 cxd4 4. Nxd4 Nf6 5. Nc3 d6 6. Be2,55,3,B_Semi_Open_Games\B83_Sicilian_Defense.pdf
B84,Sicilian Defense,Sicilian Defense,3,"Sicilian Defense: Scheveningen Variation, Classical Variation",1. e4 c5 2. Nf3 d6 3. d4 cxd4 4. Nxd4 Nf6 5. Nc3 a6 6. Be2 e6,63,3,B_Semi_Open_Games\B84_Sicilian_Defense.pdf
B85,Sicilian Defense,Sicilian Defense,4,"Sicilian Defense: Scheveningen Variation, Classical Main Line",1. e4 c5 2. Nf3 e6 3. d4 cxd4 4. Nxd4 Nc6 5. Nc3 Qc7 6. Be2 a6 7. O-O Nf6 8. Be3 Be7 9. f4 d6 10. Qe1 O-O,41,3,B_Semi_Open_Games\B85_Sicilian_Defense.pdf
B86,Sicilian Defense,Sicilian Defense,1,Sicilian Defense: Sozin Attack,1. e4 c5 2. Nf3 e6 3. d4 cxd4 4. Nxd4 Nf6 5. Nc3 d6 6. Bc4,30,3,B_Semi_Open_Games\B86_Sicilian_Defense.pdf
B87,Sicilian Defense,Sicilian Defense,1,"Sicilian Defense: Sozin Attack, Flank Variation",1. e4 c5 2. Nf3 d6 3. d4 cxd4 4. Nxd4 Nf6 5. Nc3 a6 6. Bc4 e6 7. Bb3 b5,23,3,B_Semi_Open_Games\B87_Sicilian_Defense.pdf
B88,Sicilian Defense,Sicilian Defense,2,"Sicilian Defense: Sozin Attack, Leonhardt Variation",1. e4 c5 2. Nf3 Nc6 3. d4 cxd4 4. Nxd4 Nf6 5. Nc3 d6 6. Bc4 e6,28,3,B_Semi_Open_Games\B88_Sicilian_Defense.pdf
B89,Sicilian Defense,Sicilian Defense,3,Sicilian Defense: Velimirovic Attack,1. e4 c5 2. Nf3 Nc6 3. d4 cxd4 4. Nxd4 Nf6 5. Nc3 d6 6. Bc4 e6 7. Be3 Be7 8. Qe2,49,3,B_Semi_Open_Games\B89_Sicilian_Defense.pdf
B90,Sicilian Defense,Sicilian Defense,15,Sicilian Defense: Najdorf Variation,1. e4 c5 2. Nf3 d6 3. d4 cxd4 4. Nxd4 Nf6 5. Nc3 a6,41,4,B_Semi_Open_Games\B90_Sicilian_Defense.pdf
B91,Sicilian Defense,Sicilian Defense,1,"Sicilian Defense: Najdorf Variation, Zagreb Variation",1. e4 c5 2. Nf3 d6 3. d4 cxd4 4. Nxd4 Nf6 5. Nc3 a6 6. g3,22,3,B_Semi_Open_Games\B91_Sicilian_Defense.pdf
B92,Sicilian Defense,Sicilian Defense,4,"Sicilian Defense: Najdorf Variation, Opocensky Variation",1. e4 c5 2. Nf3 d6 3. d4 cxd4 4. Nxd4 Nf6 5. Nc3 a6 6. Be2,34,3,B_Semi_Open_Games\B92_Sicilian_Defense.pdf
B93,Sicilian Defense,Sicilian Defense,1,"Sicilian Defense: Najdorf Variation, Amsterdam Variation",1. e4 c5 2. Nf3 d6 3. d4 cxd4 4. Nxd4 Nf6 5. Nc3 a6 6. f4,18,3,B_Semi_Open_Games\B93_Sicilian_Defense.pdf
B94,Sicilian Defense,Sicilian Defense,2,Sicilian Defense: Najdorf Variation,1. e4 c5 2. Nf3 d6 3. d4 cxd4 4. Nxd4 Nf6 5. Nc3 a6 6. Bg5,33,3,B_Semi_Open_Games\B94_Sicilian_Defense.pdf
B95,Sicilian Defense,Sicilian Defense,1,Sicilian Defense: Najdorf Variation,1. e4 c5 2. Nf3 d6 3. d4 cxd4 4. Nxd4 Nf6 5. Nc3 a6 6. Bg5 e6,38,3,B_Semi_Open_Games\B95_Sicilian_Defense.pdf
B96,Sicilian Defense,Sicilian Defense,4,Sicilian Defense: Najdorf Variation,1. e4 c5 2. Nf3 d6 3. d4 cxd4 4. Nxd4 Nf6 5. Nc3 a6 6. Bg5 e6 7. f4,18,3,B_Semi_Open_Games\B96_Sicilian_Defense.pdf
B97,Sicilian Defense,Sicilian Defense,2,"Sicilian Defense: Najdorf Variation, Poisoned Pawn Variation",1. e4 c5 2. Nf3 d6 3. d4 cxd4 4. Nxd4 Nf6 5. Nc3 a6 6. Bg5 e6 7. f4 Qb6,51,3,B_Semi_Open_Games\B97_Sicilian_Defense.pdf
B98,Sicilian Defense,Sicilian Defense,4,Sicilian Defense: Najdorf Variation,1. e4 c5 2. Nf3 d6 3. d4 cxd4 4. Nxd4 Nf6 5. Nc3 a6 6. Bg5 e6 7. f4 Be7,42,3,B_Semi_Open_Games\B98_Sicilian_Defense.pdf
B99,Sicilian Defense,Sicilian Defense,1,"Sicilian Defense: Najdorf Variation, Main Line",1. e4 c5 2. Nf3 d6 3. d4 cxd4 4. Nxd4 Nf6 5. Nc3 a6 6. Bg5 e6 7. f4 Be7 8. Qf3 Qc7 9. O-O-O Nbd7,73,3,B_Semi_Open_Games\B99_Sicilian_Defense.pdf
C00,French Defense and Early e4-e6 Deviations,French Defense,43,French Defense,1. e4 e6 2. d4 d5,27,7,C_Open_Games_and_French\C00_French_Defense_and_Early_e4_e6_Deviations.pdf
C01,French Defense,French Defense,6,French Defense: Exchange Variation,1. e4 e6 2. d4 d5 3. exd5,23,3,C_Open_Games_and_French\C01_French_Defense.pdf
C02,French Defense,French Defense,22,French Defense: Advance Variation,1. e4 e6 2. d4 d5 3. e5,20,5,C_Open_Games_and_French\C02_French_Defense.pdf
C03,French Defense,French Defense,6,French Defense: Tarrasch Variation,1. e4 e6 2. d4 d5 3. Nd2,26,3,C_Open_Games_and_French\C03_French_Defense.pdf
C04,French Defense,French Defense,1,"French Defense: Tarrasch Variation, Guimard Defense, Main Line",1. e4 e6 2. d4 d5 3. Nd2 Nc6 4. Ngf3 Nf6,94,3,C_Open_Games_and_French\C04_French_Defense.pdf
C05,French Defense,French Defense,4,"French Defense: Tarrasch Variation, Closed Variation",1. e4 e6 2. d4 d5 3. Nd2 Nf6,82,3,C_Open_Games_and_French\C05_French_Defense.pdf
C06,French Defense,French Defense,2,"French Defense: Tarrasch Variation, Leningrad Variation",1. e4 e6 2. d4 d5 3. Nd2 Nf6 4. e5 Nfd7 5. Bd3 c5 6. c3 Nc6 7. Ne2 cxd4 8. cxd4 Nb6,118,3,C_Open_Games_and_French\C06_French_Defense.pdf
C07,French Defense,French Defense,7,"French Defense: Tarrasch Variation, Open System",1. e4 e6 2. d4 d5 3. Nd2 c5,34,3,C_Open_Games_and_French\C07_French_Defense.pdf
C08,French Defense,French Defense,2,"French Defense: Tarrasch Variation, Open System",1. e4 e6 2. d4 d5 3. Nd2 c5 4. exd5 exd5,32,3,C_Open_Games_and_French\C08_French_Defense.pdf
C09,French Defense,French Defense,2,"French Defense: Tarrasch Variation, Open System, Main Line",1. e4 e6 2. d4 d5 3. Nd2 c5 4. exd5 exd5 5. Ngf3 Nc6,40,3,C_Open_Games_and_French\C09_French_Defense.pdf
C10,French Defense,French Defense,10,French Defense: Paulsen Variation,1. e4 e6 2. d4 d5 3. Nc3,32,4,C_Open_Games_and_French\C10_French_Defense.pdf
C11,French Defense,French Defense,19,French Defense: Classical Variation,1. e4 e6 2. d4 d5 3. Nc3 Nf6,33,5,C_Open_Games_and_French\C11_French_Defense.pdf
C12,French Defense,French Defense,13,French Defense: McCutcheon Variation,1. e4 e6 2. d4 d5 3. Nc3 Nf6 4. Bg5 Bb4,20,4,C_Open_Games_and_French\C12_French_Defense.pdf
C13,French Defense,French Defense,13,French Defense: Classical Variation,1. e4 e6 2. d4 d5 3. Nc3 Nf6 4. Bg5 dxe4 5. Nxe4 Be7,35,4,C_Open_Games_and_French\C13_French_Defense.pdf
C14,French Defense,French Defense,8,French Defense: Classical Variation,1. e4 e6 2. d4 d5 3. Nc3 a6 4. Nf3 Nf6 5. e5 Nfd7 6. Bg5,15,3,C_Open_Games_and_French\C14_French_Defense.pdf
C15,French Defense,French Defense,14,French Defense: Winawer Variation,1. e4 e6 2. d4 d5 3. Nc3 Bb4,90,4,C_Open_Games_and_French\C15_French_Defense.pdf
C16,French Defense,French Defense,2,"French Defense: Winawer Variation, Advance Variation",1. e4 e6 2. d4 d5 3. Nc3 Bb4 4. e5,85,3,C_Open_Games_and_French\C16_French_Defense.pdf
C17,French Defense,French Defense,9,"French Defense: Winawer Variation, Advance Variation",1. e4 e6 2. d4 d5 3. Nc3 Bb4 4. e5 c5,59,3,C_Open_Games_and_French\C17_French_Defense.pdf
C18,French Defense,French Defense,16,"French Defense: Winawer Variation, Advance Variation",1. e4 e6 2. d4 d5 3. Nc3 Bb4 4. e5 c5 5. a3 Bxc3+ 6. bxc3,63,4,C_Open_Games_and_French\C18_French_Defense.pdf
C19,French Defense,French Defense,14,"French Defense: Winawer Variation, Positional Variation",1. e4 e6 2. d4 d5 3. Nc3 Bb4 4. e5 c5 5. a3 Bxc3+ 6. bxc3 Ne7 7. Nf3,40,4,C_Open_Games_and_French\C19_French_Defense.pdf
C20,King's Pawn Game,Open Games after 1.e4 e5,30,King's Pawn Game,1. e4 e5,52,6,C_Open_Games_and_French\C20_Kings_Pawn_Game.pdf
C21,Center Game,Open Games after 1.e4 e5,19,Center Game,1. e4 e5 2. d4 exd4 3. Qxd4,-10,5,C_Open_Games_and_French\C21_Center_Game.pdf
C22,Center Game,Open Games after 1.e4 e5,7,Center Game: Normal Variation,1. e4 e5 2. d4 exd4 3. Qxd4 Nc6,11,3,C_Open_Games_and_French\C22_Center_Game.pdf
C23,Bishop's Opening,Open Games after 1.e4 e5,24,Bishop's Opening,1. e4 e5 2. Bc4,19,5,C_Open_Games_and_French\C23_Bishops_Opening.pdf
C24,Bishop's Opening,Open Games after 1.e4 e5,10,Bishop's Opening: Berlin Defense,1. e4 e5 2. Bc4 Nf6,16,4,C_Open_Games_and_French\C24_Bishops_Opening.pdf
C25,Vienna Game,Open Games after 1.e4 e5,31,Vienna Game,1. e4 e5 2. Nc3,12,6,C_Open_Games_and_French\C25_Vienna_Game.pdf
C26,Vienna Game,Open Games after 1.e4 e5,10,Vienna Game: Falkbeer Variation,1. e4 e5 2. Nc3 Nf6,63,4,C_Open_Games_and_French\C26_Vienna_Game.pdf
C27,Vienna Game,Open Games after 1.e4 e5,7,Vienna Game: Frankenstein-Dracula Variation,1. e4 e5 2. Nc3 Nf6 3. Bc4 Nxe4,-9,3,C_Open_Games_and_French\C27_Vienna_Game.pdf
C28,Vienna Game,Open Games after 1.e4 e5,3,"Vienna Game: Stanley Variation, Three Knights Variation",1. e4 e5 2. Nc3 Nc6 3. Bc4 Nf6,2,3,C_Open_Games_and_French\C28_Vienna_Game.pdf
C29,Vienna Game,Open Games after 1.e4 e5,10,Vienna Game: Heyde Variation,1. e4 e5 2. Nc3 Nf6 3. f4 d5 4. fxe5 Nxe4 5. Qf3 f5 6. d4,17,4,C_Open_Games_and_French\C29_Vienna_Game.pdf
C30,King's Gambit Declined,Open Games after 1.e4 e5,32,King's Gambit Declined: Classical Variation,1. e4 e5 2. f4 Bc5,35,6,C_Open_Games_and_French\C30_Kings_Gambit_Declined.pdf
C31,King's Gambit Declined,Open Games after 1.e4 e5,15,King's Gambit Declined: Falkbeer Countergambit,1. e4 e5 2. f4 d5,-30,4,C_Open_Games_and_French\C31_Kings_Gambit_Declined.pdf
C32,King's Gambit Declined,Open Games after 1.e4 e5,8,"King's Gambit Declined: Falkbeer Countergambit, Charousek Gambit Accepted",1. e4 e5 2. f4 d5 3. exd5 e4 4. d3 Nf6 5. dxe4,116,3,C_Open_Games_and_French\C32_Kings_Gambit_Declined.pdf
C33,King's Gambit Accepted,Open Games after 1.e4 e5,46,King's Gambit Accepted,1. e4 e5 2. f4 exf4,-58,8,C_Open_Games_and_French\C33_Kings_Gambit_Accepted.pdf
C34,King's Gambit Accepted,Open Games after 1.e4 e5,13,King's Gambit Accepted: King's Knight's Gambit,1. e4 e5 2. f4 exf4 3. Nf3,-67,4,C_Open_Games_and_French\C34_Kings_Gambit_Accepted.pdf
C35,King's Gambit Accepted,Open Games after 1.e4 e5,4,King's Gambit Accepted: Cunningham Defense,1. e4 e5 2. f4 exf4 3. Nf3 Be7,-38,3,C_Open_Games_and_French\C35_Kings_Gambit_Accepted.pdf
C36,King's Gambit Accepted,Open Games after 1.e4 e5,4,King's Gambit Accepted: Modern Defense,1. e4 e5 2. f4 exf4 3. Nf3 d5,-37,3,C_Open_Games_and_French\C36_Kings_Gambit_Accepted.pdf
C37,King's Gambit Accepted,Open Games after 1.e4 e5,34,King's Gambit Accepted: King's Knight's Gambit,1. e4 e5 2. f4 exf4 3. Nf3 g5 4. Bc4,-85,6,C_Open_Games_and_French\C37_Kings_Gambit_Accepted.pdf
C38,King's Gambit Accepted,Open Games after 1.e4 e5,6,King's Gambit Accepted: Traditional Variation,1. e4 e5 2. f4 exf4 3. Nf3 g5 4. Bc4 Bg7,-44,3,C_Open_Games_and_French\C38_Kings_Gambit_Accepted.pdf
C39,King's Gambit Accepted,Open Games after 1.e4 e5,30,King's Gambit Accepted: King's Knight's Gambit,1. e4 e5 2. f4 exf4 3. Nf3 g5 4. h4,-100,6,C_Open_Games_and_French\C39_Kings_Gambit_Accepted.pdf
C40,Latvian Gambit,Open Games after 1.e4 e5,40,Latvian Gambit,1. e4 e5 2. Nf3 f5,165,7,C_Open_Games_and_French\C40_Latvian_Gambit.pdf
C41,Philidor Defense,Open Games after 1.e4 e5,44,Philidor Defense,1. e4 e5 2. Nf3 d6,54,7,C_Open_Games_and_French\C41_Philidor_Defense.pdf
C42,Petrov's Defense,Open Games after 1.e4 e5,40,Petrov's Defense,1. e4 e5 2. Nf3 Nf6,61,7,C_Open_Games_and_French\C42_Petrovs_Defense.pdf
C43,Petrov's Defense,Open Games after 1.e4 e5,12,Petrov's Defense: Modern Attack,1. e4 e5 2. Nf3 Nf6 3. d4,36,4,C_Open_Games_and_French\C43_Petrovs_Defense.pdf
C44,Scotch Game,Open Games after 1.e4 e5,53,Scotch Game,1. e4 e5 2. Nf3 Nc6 3. d4,39,8,C_Open_Games_and_French\C44_Scotch_Game.pdf
C45,Scotch Game,Open Games after 1.e4 e5,28,Scotch Game,1. e4 e5 2. Nf3 Nc6 3. d4 exd4 4. Nxd4,34,6,C_Open_Games_and_French\C45_Scotch_Game.pdf
C46,Three Knights Opening,Open Games after 1.e4 e5,6,Three Knights Opening,1. e4 e5 2. Nf3 Nc6 3. Nc3,50,3,C_Open_Games_and_French\C46_Three_Knights_Opening.pdf
C47,Four Knights Game,Open Games after 1.e4 e5,20,Four Knights Game,1. e4 e5 2. Nf3 Nc6 3. Nc3 Nf6,27,5,C_Open_Games_and_French\C47_Four_Knights_Game.pdf
C48,Four Knights Game,Open Games after 1.e4 e5,13,Four Knights Game: Spanish Variation,1. e4 e5 2. Nf3 Nc6 3. Nc3 Nf6 4. Bb5,27,4,C_Open_Games_and_French\C48_Four_Knights_Game.pdf
C49,Four Knights Game,Open Games after 1.e4 e5,15,Four Knights Game: Spanish Variation,1. e4 e5 2. Nf3 Nc6 3. Nc3 Nf6 4. Bb5 Bb4 5. O-O O-O 6. d3 Bxc3,18,4,C_Open_Games_and_French\C49_Four_Knights_Game.pdf
C50,Italian Game,"Italian Game, Ruy Lopez, and related open games",22,Italian Game,1. e4 e5 2. Nf3 Nc6 3. Bc4,0,5,C_Open_Games_and_French\C50_Italian_Game.pdf
C51,Italian Game,"Italian Game, Ruy Lopez, and related open games",29,Italian Game: Evans Gambit,1. e4 e5 2. Nf3 Nc6 3. Bc4 Bc5 4. b4,-45,6,C_Open_Games_and_French\C51_Italian_Game.pdf
C52,Italian Game,"Italian Game, Ruy Lopez, and related open games",22,Italian Game: Evans Gambit,1. e4 e5 2. Nf3 Nc6 3. Bc4 Bc5 4. b4 Bxb4 5. c3 Ba5 6. O-O d6,-68,5,C_Open_Games_and_French\C52_Italian_Game.pdf
C53,Italian Game,"Italian Game, Ruy Lopez, and related open games",8,Italian Game: Classical Variation,1. e4 e5 2. Nf3 Nc6 3. Bc4 Bc5 4. c3,11,3,C_Open_Games_and_French\C53_Italian_Game.pdf
C54,Italian Game,"Italian Game, Ruy Lopez, and related open games",46,Italian Game: Classical Variation,1. e4 e5 2. Nf3 Nc6 3. Bc4 Bc5 4. c3 Nf6,32,8,C_Open_Games_and_French\C54_Italian_Game.pdf
C55,Italian Game,"Italian Game, Ruy Lopez, and related open games",6,Italian Game: Two Knights Defense,1. e4 e5 2. Nf3 Nc6 3. Bc4 Nf6,22,3,C_Open_Games_and_French\C55_Italian_Game.pdf
C56,Italian Game,"Italian Game, Ruy Lopez, and related open games",24,Italian Game: Scotch Invitation Declined,1. e4 e5 2. Nf3 Nc6 3. Bc4 Nf6 4. d4 d6,139,5,C_Open_Games_and_French\C56_Italian_Game.pdf
C57,Italian Game,"Italian Game, Ruy Lopez, and related open games",17,"Italian Game: Two Knights Defense, Knight Attack",1. e4 e5 2. Nf3 Nc6 3. Bc4 Nf6 4. Ng5,4,4,C_Open_Games_and_French\C57_Italian_Game.pdf
C58,Italian Game,"Italian Game, Ruy Lopez, and related open games",10,Italian Game: Two Knights Defense,1. e4 e5 2. Nf3 Nc6 3. Bc4 Nf6 4. Ng5 d5 5. exd5 Na5 6. Bb5+ c6 7. dxc6 bxc6 8. Be2,4,4,C_Open_Games_and_French\C58_Italian_Game.pdf
C59,Italian Game,"Italian Game, Ruy Lopez, and related open games",4,"Italian Game: Two Knights Defense, Steinitz Variation",1. e4 e5 2. Nf3 Nc6 3. Bc4 Nf6 4. Ng5 d5 5. exd5 Na5 6. Bb5+ c6 7. dxc6 bxc6 8. Be2 h6 9. Nh3,-4,3,C_Open_Games_and_French\C59_Italian_Game.pdf
C60,Ruy Lopez,"Italian Game, Ruy Lopez, and related open games",19,Ruy Lopez,1. e4 e5 2. Nf3 Nc6 3. Bb5,51,5,C_Open_Games_and_French\C60_Ruy_Lopez.pdf
C61,Ruy Lopez,"Italian Game, Ruy Lopez, and related open games",2,Ruy Lopez: Bird Variation,1. e4 e5 2. Nf3 Nc6 3. Bb5 Nd4,57,3,C_Open_Games_and_French\C61_Ruy_Lopez.pdf
C62,Ruy Lopez,"Italian Game, Ruy Lopez, and related open games",5,Ruy Lopez: Steinitz Defense,1. e4 e5 2. Nf3 Nc6 3. Bb5 d6,83,3,C_Open_Games_and_French\C62_Ruy_Lopez.pdf
C63,Ruy Lopez,"Italian Game, Ruy Lopez, and related open games",9,Ruy Lopez: Schliemann Defense,1. e4 e5 2. Nf3 Nc6 3. Bb5 f5,57,3,C_Open_Games_and_French\C63_Ruy_Lopez.pdf
C64,Ruy Lopez,"Italian Game, Ruy Lopez, and related open games",10,Ruy Lopez: Classical Variation,1. e4 e5 2. Nf3 Nc6 3. Bb5 Bc5,63,4,C_Open_Games_and_French\C64_Ruy_Lopez.pdf
C65,Ruy Lopez,"Italian Game, Ruy Lopez, and related open games",13,Ruy Lopez: Berlin Defense,1. e4 e5 2. Nf3 Nc6 3. Bb5 Nf6,72,4,C_Open_Games_and_French\C65_Ruy_Lopez.pdf
C66,Ruy Lopez,"Italian Game, Ruy Lopez, and related open games",7,"Ruy Lopez: Berlin Defense, Improved Steinitz Defense",1. e4 e5 2. Nf3 Nc6 3. Bb5 Nf6 4. O-O d6,60,3,C_Open_Games_and_French\C66_Ruy_Lopez.pdf
C67,Ruy Lopez,"Italian Game, Ruy Lopez, and related open games",16,"Ruy Lopez: Berlin Defense, Rio de Janeiro Variation",1. e4 e5 2. Nf3 Nc6 3. Bb5 Nf6 4. O-O Nxe4 5. d4 Be7,71,4,C_Open_Games_and_French\C67_Ruy_Lopez.pdf
C68,Ruy Lopez,"Italian Game, Ruy Lopez, and related open games",6,Ruy Lopez: Exchange Variation,1. e4 e5 2. Nf3 Nc6 3. Bb5 a6 4. Bxc6,21,3,C_Open_Games_and_French\C68_Ruy_Lopez.pdf
C69,Ruy Lopez,"Italian Game, Ruy Lopez, and related open games",5,"Ruy Lopez: Exchange Variation, Normal Variation",1. e4 e5 2. Nf3 Nc6 3. Bb5 a6 4. Bxc6 dxc6 5. O-O,29,3,C_Open_Games_and_French\C69_Ruy_Lopez.pdf
C70,Ruy Lopez,"Italian Game, Ruy Lopez, and related open games",12,Ruy Lopez: Morphy Defense,1. e4 e5 2. Nf3 Nc6 3. Bb5 a6,36,4,C_Open_Games_and_French\C70_Ruy_Lopez.pdf
C71,Ruy Lopez,"Italian Game, Ruy Lopez, and related open games",4,Ruy Lopez: Noah's Ark Trap,1. e4 e5 2. Nf3 Nc6 3. Bb5 a6 4. Ba4 b5 5. Bb3 d6 6. d4 Nxd4 7. Nxd4 exd4 8. Qxd4 c5,-143,3,C_Open_Games_and_French\C71_Ruy_Lopez.pdf
C72,Ruy Lopez,"Italian Game, Ruy Lopez, and related open games",2,"Ruy Lopez: Morphy Defense, Modern Steinitz Defense",1. e4 e5 2. Nf3 Nc6 3. Bb5 a6 4. Ba4 d6 5. O-O,44,3,C_Open_Games_and_French\C72_Ruy_Lopez.pdf
C73,Ruy Lopez,"Italian Game, Ruy Lopez, and related open games",2,"Ruy Lopez: Morphy Defense, Modern Steinitz Defense",1. e4 e5 2. Nf3 Nc6 3. Bb5 a6 4. Ba4 d6 5. Bxc6+ bxc6 6. d4,27,3,C_Open_Games_and_French\C73_Ruy_Lopez.pdf
C74,Ruy Lopez,"Italian Game, Ruy Lopez, and related open games",3,"Ruy Lopez: Morphy Defense, Modern Steinitz Defense",1. e4 e5 2. Nf3 Nc6 3. Bb5 a6 4. Ba4 d6 5. c3,55,3,C_Open_Games_and_French\C74_Ruy_Lopez.pdf
C75,Ruy Lopez,"Italian Game, Ruy Lopez, and related open games",2,"Ruy Lopez: Morphy Defense, Modern Steinitz Defense",1. e4 e5 2. Nf3 Nc6 3. Bb5 a6 4. Ba4 d6 5. c3 Bd7,65,3,C_Open_Games_and_French\C75_Ruy_Lopez.pdf
C76,Ruy Lopez,"Italian Game, Ruy Lopez, and related open games",1,"Ruy Lopez: Morphy Defense, Modern Steinitz Defense, Fianchetto Variation",1. e4 e5 2. Nf3 Nc6 3. Bb5 g6 4. c3 a6 5. Ba4 d6 6. d4 Bd7,44,3,C_Open_Games_and_French\C76_Ruy_Lopez.pdf
C77,Ruy Lopez,"Italian Game, Ruy Lopez, and related open games",8,"Ruy Lopez: Morphy Defense, Anderssen Variation",1. e4 e5 2. Nf3 Nc6 3. Bb5 a6 4. Ba4 Nf6 5. d3,9,3,C_Open_Games_and_French\C77_Ruy_Lopez.pdf
C78,Ruy Lopez,"Italian Game, Ruy Lopez, and related open games",9,Ruy Lopez: Morphy Defense,1. e4 e5 2. Nf3 Nc6 3. Bb5 a6 4. Ba4 Nf6 5. O-O,35,3,C_Open_Games_and_French\C78_Ruy_Lopez.pdf
C79,Ruy Lopez,"Italian Game, Ruy Lopez, and related open games",4,"Ruy Lopez: Morphy Defense, Steinitz Deferred",1. e4 e5 2. Nf3 Nc6 3. Bb5 a6 4. Ba4 Nf6 5. O-O d6,45,3,C_Open_Games_and_French\C79_Ruy_Lopez.pdf
C80,Ruy Lopez,"Italian Game, Ruy Lopez, and related open games",18,Ruy Lopez: Open,1. e4 e5 2. Nf3 Nc6 3. Bb5 a6 4. Ba4 Nf6 5. O-O Nxe4,53,4,C_Open_Games_and_French\C80_Ruy_Lopez.pdf
C81,Ruy Lopez,"Italian Game, Ruy Lopez, and related open games",3,"Ruy Lopez: Open, Howell Attack",1. e4 e5 2. Nf3 Nc6 3. Bb5 a6 4. Ba4 Nf6 5. O-O Nxe4 6. d4 b5 7. Bb3 d5 8. dxe5 Be6 9. Qe2,16,3,C_Open_Games_and_French\C81_Ruy_Lopez.pdf
C82,Ruy Lopez,"Italian Game, Ruy Lopez, and related open games",7,Ruy Lopez: Open,1. e4 e5 2. Nf3 Nc6 3. Bb5 a6 4. Ba4 Nf6 5. O-O Nxe4 6. d4 b5 7. Bb3 d5 8. dxe5 Be6 9. c3,19,3,C_Open_Games_and_French\C82_Ruy_Lopez.pdf
C83,Ruy Lopez,"Italian Game, Ruy Lopez, and related open games",6,"Ruy Lopez: Open, Classical Defense",1. e4 e5 2. Nf3 Nc6 3. Bb5 a6 4. Ba4 Nf6 5. O-O Nxe4 6. d4 b5 7. Bb3 d5 8. dxe5 Be6 9. c3 Be7,56,3,C_Open_Games_and_French\C83_Ruy_Lopez.pdf
C84,Ruy Lopez,"Italian Game, Ruy Lopez, and related open games",6,Ruy Lopez: Closed,1. e4 e5 2. Nf3 Nc6 3. Bb5 a6 4. Ba4 Nf6 5. O-O Be7,46,3,C_Open_Games_and_French\C84_Ruy_Lopez.pdf
C85,Ruy Lopez,"Italian Game, Ruy Lopez, and related open games",1,"Ruy Lopez: Closed, Delayed Exchange",1. e4 e5 2. Nf3 Nc6 3. Bb5 a6 4. Ba4 Nf6 5. O-O Be7 6. Bxc6,24,3,C_Open_Games_and_French\C85_Ruy_Lopez.pdf
C86,Ruy Lopez,"Italian Game, Ruy Lopez, and related open games",4,"Ruy Lopez: Closed, Worrall Attack",1. e4 e5 2. Nf3 Nc6 3. Bb5 a6 4. Ba4 Nf6 5. O-O Be7 6. Qe2,10,3,C_Open_Games_and_French\C86_Ruy_Lopez.pdf
C87,Ruy Lopez,"Italian Game, Ruy Lopez, and related open games",1,"Ruy Lopez: Closed, Averbakh Variation",1. e4 e5 2. Nf3 Nc6 3. Bb5 a6 4. Ba4 Nf6 5. O-O Be7 6. Re1 d6,57,3,C_Open_Games_and_French\C87_Ruy_Lopez.pdf
C88,Ruy Lopez,"Italian Game, Ruy Lopez, and related open games",9,Ruy Lopez: Closed,1. e4 e5 2. Nf3 Nc6 3. Bb5 a6 4. Ba4 Nf6 5. O-O Be7 6. Re1 b5 7. Bb3,55,3,C_Open_Games_and_French\C88_Ruy_Lopez.pdf
C89,Ruy Lopez,"Italian Game, Ruy Lopez, and related open games",9,Ruy Lopez: Marshall Attack,1. e4 e5 2. Nf3 Nc6 3. Bb5 a6 4. Ba4 Nf6 5. O-O Be7 6. Re1 b5 7. Bb3 O-O 8. c3 d5,74,3,C_Open_Games_and_French\C89_Ruy_Lopez.pdf
C90,Ruy Lopez,"Italian Game, Ruy Lopez, and related open games",4,Ruy Lopez: Closed,1. e4 e5 2. Nf3 Nc6 3. Bb5 a6 4. Ba4 Nf6 5. O-O Be7 6. Re1 b5 7. Bb3 d6 8. c3 O-O,66,3,C_Open_Games_and_French\C90_Ruy_Lopez.pdf
C91,Ruy Lopez,"Italian Game, Ruy Lopez, and related open games",3,"Ruy Lopez: Closed, Yates Variation",1. e4 e5 2. Nf3 Nc6 3. Bb5 a6 4. Ba4 Nf6 5. O-O Be7 6. Re1 b5 7. Bb3 d6 8. c3 O-O 9. d4,46,3,C_Open_Games_and_French\C91_Ruy_Lopez.pdf
C92,Ruy Lopez,"Italian Game, Ruy Lopez, and related open games",6,Ruy Lopez: Closed,1. e4 e5 2. Nf3 Nc6 3. Bb5 a6 4. Ba4 Nf6 5. O-O Be7 6. Re1 b5 7. Bb3 d6 8. c3 O-O 9. h3,60,3,C_Open_Games_and_French\C92_Ruy_Lopez.pdf
C93,Ruy Lopez,"Italian Game, Ruy Lopez, and related open games",1,"Ruy Lopez: Closed, Smyslov Defense",1. e4 e5 2. Nf3 Nc6 3. Bb5 a6 4. Ba4 Nf6 5. O-O Be7 6. Re1 b5 7. Bb3 d6 8. c3 O-O 9. h3 h6,47,3,C_Open_Games_and_French\C93_Ruy_Lopez.pdf
C94,Ruy Lopez,"Italian Game, Ruy Lopez, and related open games",2,"Ruy Lopez: Closed, Breyer Defense",1. e4 e5 2. Nf3 Nc6 3. Bb5 a6 4. Ba4 Nf6 5. O-O Be7 6. Re1 b5 7. Bb3 d6 8. c3 O-O 9. h3 Nb8,59,3,C_Open_Games_and_French\C94_Ruy_Lopez.pdf
C95,Ruy Lopez,"Italian Game, Ruy Lopez, and related open games",4,"Ruy Lopez: Closed, Breyer",1. e4 e5 2. Nf3 Nc6 3. Bb5 a6 4. Ba4 Nf6 5. O-O Be7 6. Re1 b5 7. Bb3 d6 8. c3 O-O 9. h3 Nb8 10. d4,50,3,C_Open_Games_and_French\C95_Ruy_Lopez.pdf
C96,Ruy Lopez,"Italian Game, Ruy Lopez, and related open games",6,"Ruy Lopez: Closed, Chigorin Defense",1. e4 e5 2. Nf3 Nc6 3. Bb5 a6 4. Ba4 Nf6 5. O-O Be7 6. Re1 b5 7. Bb3 d6 8. c3 O-O 9. h3 Na5 10. Bc2,63,3,C_Open_Games_and_French\C96_Ruy_Lopez.pdf
C97,Ruy Lopez,"Italian Game, Ruy Lopez, and related open games",3,"Ruy Lopez: Closed, Chigorin Defense",1. e4 e5 2. Nf3 Nc6 3. Bb5 a6 4. Ba4 Nf6 5. O-O Be7 6. Re1 b5 7. Bb3 d6 8. c3 O-O 9. h3 Na5,53,3,C_Open_Games_and_French\C97_Ruy_Lopez.pdf
C98,Ruy Lopez,"Italian Game, Ruy Lopez, and related open games",2,"Ruy Lopez: Closed, Chigorin Defense",1. e4 e5 2. Nf3 Nc6 3. Bb5 a6 4. Ba4 Nf6 5. O-O Be7 6. Re1 b5 7. Bb3 d6 8. c3 O-O 9. h3 Na5 10. Bc2 c5 11. d4 Qc7 12. Nbd2 Nc6,100,3,C_Open_Games_and_French\C98_Ruy_Lopez.pdf
C99,Ruy Lopez,"Italian Game, Ruy Lopez, and related open games",1,"Ruy Lopez: Closed, Chigorin Defense, Panov System",1. e4 e5 2. Nf3 Nc6 3. Bb5 a6 4. Ba4 Nf6 5. O-O Be7 6. Re1 b5 7. Bb3 d6 8. c3 O-O 9. h3 Na5 10. Bc2 c5 11. d4 Qc7 12. Nbd2 cxd4 13. cxd4,36,3,C_Open_Games_and_French\C99_Ruy_Lopez.pdf
D00,Closed Games and Uncommon Queen's Pawn Openings,Queen's Pawn systems,72,Queen's Pawn Game,1. d4 d5 2. e3 Nf6,27,10,D_Closed_Games_and_Grunfeld\D00_Closed_Games_and_Uncommon_Queens_Pawn_Openings.pdf
D01,Richter-Veresov Attack,Queen's Pawn systems,12,Richter-Veresov Attack,1. d4 Nf6 2. Nc3 d5 3. Bg5,-6,4,D_Closed_Games_and_Grunfeld\D01_Richter_Veresov_Attack.pdf
D02,Queen's Pawn Game,Queen's Pawn systems,20,Queen's Pawn Game: Zukertort Variation,1. d4 d5 2. Nf3,26,5,D_Closed_Games_and_Grunfeld\D02_Queens_Pawn_Game.pdf
D03,Queen's Pawn Game,Queen's Pawn systems,14,Queen's Pawn Game: Torre Attack,1. d4 d5 2. Nf3 Nf6 3. Bg5,-5,4,D_Closed_Games_and_Grunfeld\D03_Queens_Pawn_Game.pdf
D04,Queen's Pawn Game,Queen's Pawn systems,3,Queen's Pawn Game: Colle System,1. d4 d5 2. Nf3 Nf6 3. e3,15,3,D_Closed_Games_and_Grunfeld\D04_Queens_Pawn_Game.pdf
D05,Queen's Pawn Game,Queen's Pawn systems,15,Queen's Pawn Game: Colle System,1. d4 d5 2. Nf3 Nf6 3. e3 e6,26,4,D_Closed_Games_and_Grunfeld\D05_Queens_Pawn_Game.pdf
D06,Queen's Gambit Declined,Queen's Gambit structures,13,Queen's Gambit Declined: Austrian Defense,1. d4 d5 2. c4 c5,68,4,D_Closed_Games_and_Grunfeld\D06_Queens_Gambit_Declined.pdf
D07,Queen's Gambit Declined,Queen's Gambit structures,11,Queen's Gambit Declined: Chigorin Defense,1. d4 d5 2. c4 Nc6,73,4,D_Closed_Games_and_Grunfeld\D07_Queens_Gambit_Declined.pdf
D08,Queen's Gambit Declined,Queen's Gambit structures,9,Queen's Gambit Declined: Albin Countergambit,1. d4 d5 2. c4 e5,65,3,D_Closed_Games_and_Grunfeld\D08_Queens_Gambit_Declined.pdf
D09,Queen's Gambit Declined,Queen's Gambit structures,4,"Queen's Gambit Declined: Albin Countergambit, Fianchetto Variation",1. d4 d5 2. c4 e5 3. dxe5 d4 4. Nf3 Nc6 5. g3,96,3,D_Closed_Games_and_Grunfeld\D09_Queens_Gambit_Declined.pdf
D10,Slav Defense,Queen's Gambit structures,9,Slav Defense,1. d4 d5 2. c4 c6,29,3,D_Closed_Games_and_Grunfeld\D10_Slav_Defense.pdf
D11,Slav Defense,Queen's Gambit structures,8,Slav Defense: Modern Line,1. d4 d5 2. c4 c6 3. Nf3,31,3,D_Closed_Games_and_Grunfeld\D11_Slav_Defense.pdf
D12,Slav Defense,Queen's Gambit structures,4,"Slav Defense: Quiet Variation, Schallopp Defense",1. d4 d5 2. c4 c6 3. Nf3 Nf6 4. e3 Bf5,48,3,D_Closed_Games_and_Grunfeld\D12_Slav_Defense.pdf
D13,Slav Defense,Queen's Gambit structures,2,Slav Defense: Exchange Variation,1. d4 d5 2. c4 c6 3. Nf3 Nf6 4. cxd5 cxd5,27,3,D_Closed_Games_and_Grunfeld\D13_Slav_Defense.pdf
D14,Slav Defense,Queen's Gambit structures,2,"Slav Defense: Exchange Variation, Symmetrical Line",1. d4 d5 2. c4 c6 3. cxd5 cxd5 4. Nc3 Nf6 5. Nf3 Nc6 6. Bf4 Bf5,29,3,D_Closed_Games_and_Grunfeld\D14_Slav_Defense.pdf
D15,Slav Defense,Queen's Gambit structures,10,Slav Defense: Three Knights Variation,1. d4 d5 2. c4 c6 3. Nf3 Nf6 4. Nc3,19,4,D_Closed_Games_and_Grunfeld\D15_Slav_Defense.pdf
D16,Slav Defense,Queen's Gambit structures,4,Slav Defense: Alapin Variation,1. d4 d5 2. c4 c6 3. Nf3 Nf6 4. Nc3 dxc4 5. a4,51,3,D_Closed_Games_and_Grunfeld\D16_Slav_Defense.pdf
D17,Slav Defense,Queen's Gambit structures,8,Slav Defense: Czech Variation,1. d4 d5 2. c4 c6 3. Nf3 Nf6 4. Nc3 dxc4 5. a4 Bf5,51,3,D_Closed_Games_and_Grunfeld\D17_Slav_Defense.pdf
D18,Slav Defense,Queen's Gambit structures,2,"Slav Defense: Czech Variation, Classical System",1. d4 d5 2. c4 c6 3. Nf3 Nf6 4. Nc3 dxc4 5. a4 Bf5 6. e3,34,3,D_Closed_Games_and_Grunfeld\D18_Slav_Defense.pdf
D19,Slav Defense,Queen's Gambit structures,3,"Slav Defense: Czech Variation, Dutch Variation",1. d4 d5 2. c4 c6 3. Nf3 Nf6 4. Nc3 dxc4 5. a4 Bf5 6. e3 e6 7. Bxc4 Bb4 8. O-O,21,3,D_Closed_Games_and_Grunfeld\D19_Slav_Defense.pdf
D20,Queen's Gambit Accepted,Queen's Gambit structures,17,Queen's Gambit Accepted,1. d4 d5 2. c4 dxc4,47,4,D_Closed_Games_and_Grunfeld\D20_Queens_Gambit_Accepted.pdf
D21,Queen's Gambit Accepted,Queen's Gambit structures,6,Queen's Gambit Accepted: Normal Variation,1. d4 d5 2. c4 dxc4 3. Nf3,33,3,D_Closed_Games_and_Grunfeld\D21_Queens_Gambit_Accepted.pdf
D22,Queen's Gambit Accepted,Queen's Gambit structures,3,Queen's Gambit Accepted: Alekhine Defense,1. d4 d5 2. c4 dxc4 3. Nf3 a6,52,3,D_Closed_Games_and_Grunfeld\D22_Queens_Gambit_Accepted.pdf
D23,Queen's Gambit Accepted,Queen's Gambit structures,2,Queen's Gambit Accepted,1. d4 d5 2. c4 dxc4 3. Nf3 Nf6,44,3,D_Closed_Games_and_Grunfeld\D23_Queens_Gambit_Accepted.pdf
D24,Queen's Gambit Accepted,Queen's Gambit structures,5,Queen's Gambit Accepted,1. d4 d5 2. c4 e6 3. Nf3 Nf6 4. Nc3 dxc4 5. e4,31,3,D_Closed_Games_and_Grunfeld\D24_Queens_Gambit_Accepted.pdf
D25,Queen's Gambit Accepted,Queen's Gambit structures,4,Queen's Gambit Accepted: Normal Variation,1. d4 d5 2. c4 dxc4 3. Nf3 Nf6 4. e3,39,3,D_Closed_Games_and_Grunfeld\D25_Queens_Gambit_Accepted.pdf
D26,Queen's Gambit Accepted,Queen's Gambit structures,9,Queen's Gambit Accepted: Classical Defense,1. d4 d5 2. c4 dxc4 3. Nf3 Nf6 4. e3 e6 5. Bxc4 c5,44,3,D_Closed_Games_and_Grunfeld\D26_Queens_Gambit_Accepted.pdf
D27,Queen's Gambit Accepted,Queen's Gambit structures,6,Queen's Gambit Accepted: Furman Variation,1. d4 d5 2. c4 dxc4 3. Nf3 Nf6 4. e3 e6 5. Bxc4 c5 6. O-O a6 7. dxc5 Bxc5,32,3,D_Closed_Games_and_Grunfeld\D27_Queens_Gambit_Accepted.pdf
D28,Queen's Gambit Accepted,Queen's Gambit structures,3,"Queen's Gambit Accepted: Classical Defense, Alekhine System",1. d4 d5 2. c4 dxc4 3. Nf3 Nf6 4. e3 e6 5. Bxc4 c5 6. O-O a6 7. Qe2,37,3,D_Closed_Games_and_Grunfeld\D28_Queens_Gambit_Accepted.pdf
D29,Queen's Gambit Accepted,Queen's Gambit structures,3,"Queen's Gambit Accepted: Classical Defense, Alekhine System, Main Line",1. d4 d5 2. c4 dxc4 3. Nf3 Nf6 4. e3 e6 5. Bxc4 c5 6. O-O a6 7. Qe2 b5 8. Bb3 Bb7,39,3,D_Closed_Games_and_Grunfeld\D29_Queens_Gambit_Accepted.pdf
D30,Queen's Gambit Declined,Queen's Gambit structures,12,Queen's Gambit Declined,1. d4 d5 2. c4 e6,19,4,D_Closed_Games_and_Grunfeld\D30_Queens_Gambit_Declined.pdf
D31,Semi-Slav Defense,Queen's Gambit structures,21,Semi-Slav Defense: Accelerated Move Order,1. d4 d5 2. c4 e6 3. Nc3 c6,44,5,D_Closed_Games_and_Grunfeld\D31_Semi_Slav_Defense.pdf
D32,Tarrasch Defense,Queen's Gambit structures,13,Tarrasch Defense,1. d4 d5 2. c4 e6 3. Nc3 c5,22,4,D_Closed_Games_and_Grunfeld\D32_Tarrasch_Defense.pdf
D33,Tarrasch Defense,Queen's Gambit structures,6,Tarrasch Defense: Rubinstein System,1. d4 d5 2. c4 e6 3. Nc3 c5 4. cxd5 exd5 5. Nf3 Nc6 6. g3,40,3,D_Closed_Games_and_Grunfeld\D33_Tarrasch_Defense.pdf
D34,Tarrasch Defense,Queen's Gambit structures,13,Tarrasch Defense: Classical Variation,1. d4 d5 2. c4 e6 3. Nc3 c5 4. cxd5 exd5 5. Nf3 Nc6 6. g3 Nf6 7. Bg2 Be7 8. O-O O-O,51,4,D_Closed_Games_and_Grunfeld\D34_Tarrasch_Defense.pdf
D35,Queen's Gambit Declined,Queen's Gambit structures,10,Queen's Gambit Declined: Normal Defense,1. d4 d5 2. c4 e6 3. Nc3 Nf6,36,4,D_Closed_Games_and_Grunfeld\D35_Queens_Gambit_Declined.pdf
D36,Queen's Gambit Declined,Queen's Gambit structures,4,"Queen's Gambit Declined: Exchange Variation, Reshevsky Variation",1. d4 Nf6 2. c4 e6 3. Nc3 d5 4. cxd5 exd5 5. Bg5 c6 6. Qc2,27,3,D_Closed_Games_and_Grunfeld\D36_Queens_Gambit_Declined.pdf
D37,Queen's Gambit Declined,Queen's Gambit structures,15,Queen's Gambit Declined: Three Knights Variation,1. d4 Nf6 2. c4 e6 3. Nf3 d5 4. Nc3,37,4,D_Closed_Games_and_Grunfeld\D37_Queens_Gambit_Declined.pdf
D38,Queen's Gambit Declined,Queen's Gambit structures,3,Queen's Gambit Declined: Ragozin Defense,1. d4 Nf6 2. c4 e6 3. Nf3 d5 4. Nc3 Bb4,38,3,D_Closed_Games_and_Grunfeld\D38_Queens_Gambit_Declined.pdf
D39,Queen's Gambit Declined,Queen's Gambit structures,1,"Queen's Gambit Declined: Ragozin Defense, Vienna Variation",1. d4 Nf6 2. c4 e6 3. Nf3 d5 4. Nc3 Bb4 5. Bg5 dxc4,46,3,D_Closed_Games_and_Grunfeld\D39_Queens_Gambit_Declined.pdf
D40,Queen's Gambit Declined,Queen's Gambit structures,6,Queen's Gambit Declined: Semi-Tarrasch Defense,1. d4 Nf6 2. c4 e6 3. Nf3 d5 4. Nc3 c5,37,3,D_Closed_Games_and_Grunfeld\D40_Queens_Gambit_Declined.pdf
D41,Queen's Gambit Declined,Queen's Gambit structures,10,Queen's Gambit Declined: Semi-Tarrasch Defense,1. d4 Nf6 2. c4 e6 3. Nf3 d5 4. Nc3 c5 5. cxd5,22,4,D_Closed_Games_and_Grunfeld\D41_Queens_Gambit_Declined.pdf
D42,Queen's Gambit Declined,Queen's Gambit structures,1,"Queen's Gambit Declined: Semi-Tarrasch Defense, Main Line",1. d4 Nf6 2. c4 e6 3. Nf3 d5 4. Nc3 c5 5. cxd5 Nxd5 6. e3 Nc6 7. Bd3,27,3,D_Closed_Games_and_Grunfeld\D42_Queens_Gambit_Declined.pdf
D43,Semi-Slav Defense,Queen's Gambit structures,4,Semi-Slav Defense,1. d4 d5 2. c4 c6 3. Nf3 Nf6 4. Nc3 e6,43,3,D_Closed_Games_and_Grunfeld\D43_Semi_Slav_Defense.pdf
D44,Semi-Slav Defense,Queen's Gambit structures,7,Semi-Slav Defense: Botvinnik Variation,1. d4 d5 2. c4 c6 3. Nf3 Nf6 4. Nc3 e6 5. Bg5 dxc4 6. e4,52,3,D_Closed_Games_and_Grunfeld\D44_Semi_Slav_Defense.pdf
D45,Semi-Slav Defense,Queen's Gambit structures,15,Semi-Slav Defense: Main Line,1. d4 d5 2. c4 c6 3. Nc3 Nf6 4. e3 e6 5. Nf3,42,4,D_Closed_Games_and_Grunfeld\D45_Semi_Slav_Defense.pdf
D46,Semi-Slav Defense,Queen's Gambit structures,12,Semi-Slav Defense: Main Line,1. d4 d5 2. c4 c6 3. Nc3 Nf6 4. e3 e6 5. Nf3 Nbd7 6. Bd3,51,4,D_Closed_Games_and_Grunfeld\D46_Semi_Slav_Defense.pdf
D47,Semi-Slav Defense,Queen's Gambit structures,6,Semi-Slav Defense: Semi-Meran Variation,1. d4 d5 2. c4 c6 3. Nc3 Nf6 4. e3 e6 5. Nf3 Nbd7 6. Bd3 dxc4 7. Bxc4,50,3,D_Closed_Games_and_Grunfeld\D47_Semi_Slav_Defense.pdf
D48,Semi-Slav Defense,Queen's Gambit structures,5,Semi-Slav Defense: Meran Variation,1. d4 d5 2. c4 c6 3. Nc3 Nf6 4. e3 e6 5. Nf3 Nbd7 6. Bd3 dxc4 7. Bxc4 b5 8. Bd3 a6,34,3,D_Closed_Games_and_Grunfeld\D48_Semi_Slav_Defense.pdf
D49,Semi-Slav Defense,Queen's Gambit structures,6,"Semi-Slav Defense: Meran Variation, Blumenfeld Variation",1. d4 d5 2. c4 c6 3. Nc3 Nf6 4. e3 e6 5. Nf3 Nbd7 6. Bd3 dxc4 7. Bxc4 b5 8. Bd3 a6 9. e4 c5 10. e5 cxd4 11. Nxb5,8,3,D_Closed_Games_and_Grunfeld\D49_Semi_Slav_Defense.pdf
D50,Queen's Gambit Declined,Queen's Gambit structures,6,Queen's Gambit Declined: Modern Variation,1. d4 d5 2. c4 e6 3. Nc3 Nf6 4. Bg5,22,3,D_Closed_Games_and_Grunfeld\D50_Queens_Gambit_Declined.pdf
D51,Queen's Gambit Declined,Queen's Gambit structures,7,Queen's Gambit Declined: Manhattan Variation,1. d4 d5 2. c4 e6 3. Nc3 Nf6 4. Bg5 Nbd7 5. e3 Bb4,50,3,D_Closed_Games_and_Grunfeld\D51_Queens_Gambit_Declined.pdf
D52,Queen's Gambit Declined,Queen's Gambit structures,8,Queen's Gambit Declined,1. d4 d5 2. c4 c6 3. Nf3 Nf6 4. Nc3 e6 5. Bg5 Nbd7 6. e3,55,3,D_Closed_Games_and_Grunfeld\D52_Queens_Gambit_Declined.pdf
D53,Queen's Gambit Declined,Queen's Gambit structures,9,Queen's Gambit Declined,1. d4 d5 2. c4 e6 3. Nc3 Nf6 4. Bg5 Be7,36,3,D_Closed_Games_and_Grunfeld\D53_Queens_Gambit_Declined.pdf
D54,Queen's Gambit Declined,Queen's Gambit structures,1,Queen's Gambit Declined: Neo-Orthodox Variation,1. d4 Nf6 2. c4 e6 3. Nc3 d5 4. Bg5 Be7 5. e3 O-O 6. Rc1,22,3,D_Closed_Games_and_Grunfeld\D54_Queens_Gambit_Declined.pdf
D55,Queen's Gambit Declined,Queen's Gambit structures,6,Queen's Gambit Declined: Neo-Orthodox Variation,1. d4 Nf6 2. c4 e6 3. Nf3 d5 4. Nc3 Be7 5. Bg5 O-O 6. e3 h6,44,3,D_Closed_Games_and_Grunfeld\D55_Queens_Gambit_Declined.pdf
D56,Queen's Gambit Declined,Queen's Gambit structures,5,Queen's Gambit Declined,1. d4 d5 2. c4 e6 3. Nf3 Nf6 4. Nc3 Nc6 5. Bg5 Be7 6. e3 O-O 7. Rc1 h6 8. Bh4,65,3,D_Closed_Games_and_Grunfeld\D56_Queens_Gambit_Declined.pdf
D57,Queen's Gambit Declined,Queen's Gambit structures,3,"Queen's Gambit Declined: Lasker Defense, Main Line",1. d4 d5 2. c4 e6 3. Nc3 Be7 4. Nf3 Nf6 5. Bg5 h6 6. Bh4 O-O 7. e3 Ne4 8. Bxe7 Qxe7 9. cxd5 Nxc3 10. bxc3,14,3,D_Closed_Games_and_Grunfeld\D57_Queens_Gambit_Declined.pdf
D58,Queen's Gambit Declined,Queen's Gambit structures,2,Queen's Gambit Declined: Tartakower Defense,1. d4 Nf6 2. c4 e6 3. Nf3 d5 4. Nc3 Be7 5. Bg5 h6 6. Bh4 O-O 7. e3 b6,39,3,D_Closed_Games_and_Grunfeld\D58_Queens_Gambit_Declined.pdf
D59,Queen's Gambit Declined,Queen's Gambit structures,2,Queen's Gambit Declined: Tartakower Defense,1. d4 d5 2. c4 e6 3. Nc3 Be7 4. Nf3 Nf6 5. Bg5 h6 6. Bh4 O-O 7. e3 b6 8. cxd5 Nxd5 9. Bxe7 Qxe7 10. Nxd5 exd5 11. Rc1 Be6,11,3,D_Closed_Games_and_Grunfeld\D59_Queens_Gambit_Declined.pdf
D60,Queen's Gambit Declined,Queen's Gambit structures,4,Queen's Gambit Declined: Orthodox Defense,1. d4 Nf6 2. c4 e6 3. Nf3 d5 4. Nc3 Be7 5. Bg5 O-O 6. e3 Nbd7,37,3,D_Closed_Games_and_Grunfeld\D60_Queens_Gambit_Declined.pdf
D61,Queen's Gambit Declined,Queen's Gambit structures,6,"Queen's Gambit Declined: Orthodox Defense, Rubinstein Variation",1. d4 d5 2. c4 e6 3. Nc3 Nf6 4. Bg5 Be7 5. e3 O-O 6. Nf3 Nbd7 7. Qc2,25,3,D_Closed_Games_and_Grunfeld\D61_Queens_Gambit_Declined.pdf
D62,Queen's Gambit Declined,Queen's Gambit structures,1,"Queen's Gambit Declined: Orthodox Defense, Rubinstein Variation, Flohr Line",1. d4 Nf6 2. c4 e6 3. Nf3 d5 4. Nc3 Be7 5. Bg5 O-O 6. e3 Nbd7 7. Qc2 c5 8. cxd5,36,3,D_Closed_Games_and_Grunfeld\D62_Queens_Gambit_Declined.pdf
D63,Queen's Gambit Declined,Queen's Gambit structures,10,"Queen's Gambit Declined: Orthodox Defense, Main Line",1. d4 Nf6 2. c4 e6 3. Nf3 d5 4. Nc3 Be7 5. Bg5 O-O 6. e3 Nbd7 7. Rc1,36,4,D_Closed_Games_and_Grunfeld\D63_Queens_Gambit_Declined.pdf
D64,Queen's Gambit Declined,Queen's Gambit structures,4,"Queen's Gambit Declined: Orthodox Defense, Rubinstein Attack",1. d4 Nf6 2. c4 e6 3. Nf3 d5 4. Nc3 Be7 5. Bg5 O-O 6. e3 Nbd7 7. Rc1 c6 8. Qc2,48,3,D_Closed_Games_and_Grunfeld\D64_Queens_Gambit_Declined.pdf
D65,Queen's Gambit Declined,Queen's Gambit structures,2,"Queen's Gambit Declined: Orthodox Defense, Rubinstein Attack",1. d4 d5 2. Nf3 Nf6 3. c4 e6 4. Nc3 Be7 5. Bg5 O-O 6. e3 Nbd7 7. Rc1 c6 8. Qc2 a6 9. cxd5,32,3,D_Closed_Games_and_Grunfeld\D65_Queens_Gambit_Declined.pdf
D66,Queen's Gambit Declined,Queen's Gambit structures,3,"Queen's Gambit Declined: Orthodox Defense, Bd3 Line",1. d4 d5 2. c4 e6 3. Nc3 Nf6 4. Bg5 Be7 5. e3 O-O 6. Nf3 Nbd7 7. Rc1 c6 8. Bd3,23,3,D_Closed_Games_and_Grunfeld\D66_Queens_Gambit_Declined.pdf
D67,Queen's Gambit Declined,Queen's Gambit structures,5,"Queen's Gambit Declined: Orthodox Defense, Capablanca System",1. d4 d5 2. c4 e6 3. Nc3 Nf6 4. Bg5 Be7 5. e3 O-O 6. Nf3 Nbd7 7. Rc1 c6 8. Bd3 dxc4 9. Bxc4 Nd5,50,3,D_Closed_Games_and_Grunfeld\D67_Queens_Gambit_Declined.pdf
D68,Queen's Gambit Declined,Queen's Gambit structures,3,"Queen's Gambit Declined: Orthodox Defense, Classical Variation",1. d4 d5 2. c4 e6 3. Nc3 Nf6 4. Bg5 Be7 5. e3 O-O 6. Nf3 Nbd7 7. Rc1 c6 8. Bd3 dxc4 9. Bxc4 Nd5 10. Bxe7 Qxe7 11. O-O Nxc3 12. Rxc3 e5,43,3,D_Closed_Games_and_Grunfeld\D68_Queens_Gambit_Declined.pdf
D69,Queen's Gambit Declined,Queen's Gambit structures,1,"Queen's Gambit Declined: Orthodox Defense, Classical Variation",1. d4 d5 2. c4 e6 3. Nc3 Nf6 4. Bg5 Be7 5. e3 O-O 6. Nf3 Nbd7 7. Rc1 c6 8. Bd3 dxc4 9. Bxc4 Nd5 10. Bxe7 Qxe7 11. O-O Nxc3 12. Rxc3 e5 13. dxe5 Nxe5 14. Nxe5 Qxe5,9,3,D_Closed_Games_and_Grunfeld\D69_Queens_Gambit_Declined.pdf
D70,Neo-Grünfeld Defense,Grunfeld Defense,3,Neo-Grünfeld Defense: Goglidze Attack,1. d4 Nf6 2. c4 g6 3. f3 d5,3,3,D_Closed_Games_and_Grunfeld\D70_Neo_Gr_nfeld_Defense.pdf
D71,Neo-Grünfeld Defense,Grunfeld Defense,2,Neo-Grünfeld Defense: Exchange Variation,1. d4 Nf6 2. c4 g6 3. g3 Bg7 4. Bg2 d5 5. cxd5 Nxd5,63,3,D_Closed_Games_and_Grunfeld\D71_Neo_Gr_nfeld_Defense.pdf
D72,Neo-Grünfeld Defense,Grunfeld Defense,1,Neo-Grünfeld Defense: with g3,1. d4 Nf6 2. c4 g6 3. g3 d5 4. Bg2 Bg7 5. cxd5 Nxd5 6. e4 Nb6 7. Ne2,41,3,D_Closed_Games_and_Grunfeld\D72_Neo_Gr_nfeld_Defense.pdf
D73,Neo-Grünfeld Defense,Grunfeld Defense,1,Neo-Grünfeld Defense: with g3,1. d4 Nf6 2. c4 g6 3. g3 d5 4. Bg2 Bg7 5. Nf3,7,3,D_Closed_Games_and_Grunfeld\D73_Neo_Gr_nfeld_Defense.pdf
D74,Neo-Grünfeld Defense,Grunfeld Defense,1,Neo-Grünfeld Defense: Delayed Exchange Variation,1. d4 Nf6 2. c4 g6 3. Nf3 Bg7 4. g3 O-O 5. Bg2 d5 6. cxd5 Nxd5 7. O-O,48,3,D_Closed_Games_and_Grunfeld\D74_Neo_Gr_nfeld_Defense.pdf
D75,Neo-Grünfeld Defense,Grunfeld Defense,2,Neo-Grünfeld Defense: Delayed Exchange Variation,1. d4 Nf6 2. c4 g6 3. Nc3 Bg7 4. Nf3 O-O 5. g3 d5 6. cxd5 Nxd5 7. Bg2 c5 8. O-O,-6,3,D_Closed_Games_and_Grunfeld\D75_Neo_Gr_nfeld_Defense.pdf
D76,Neo-Grünfeld Defense,Grunfeld Defense,1,Neo-Grünfeld Defense: Delayed Exchange Variation,1. d4 Nf6 2. c4 g6 3. Nf3 Bg7 4. g3 O-O 5. Bg2 d5 6. cxd5 Nxd5 7. O-O Nb6,52,3,D_Closed_Games_and_Grunfeld\D76_Neo_Gr_nfeld_Defense.pdf
D77,Neo-Grünfeld Defense,Grunfeld Defense,3,Neo-Grünfeld Defense: Classical Variation,1. d4 Nf6 2. Nf3 g6 3. g3 Bg7 4. Bg2 O-O 5. O-O d5 6. c4,22,3,D_Closed_Games_and_Grunfeld\D77_Neo_Gr_nfeld_Defense.pdf
D78,Neo-Grünfeld Defense,Grunfeld Defense,1,"Neo-Grünfeld Defense: Classical Variation, Original Defense",1. d4 Nf6 2. c4 g6 3. Nf3 Bg7 4. g3 O-O 5. Bg2 c6 6. O-O d5,20,3,D_Closed_Games_and_Grunfeld\D78_Neo_Gr_nfeld_Defense.pdf
D79,Neo-Grünfeld Defense,Grunfeld Defense,1,Neo-Grünfeld Defense: Ultra-Delayed Exchange Variation,1. d4 Nf6 2. c4 g6 3. Nf3 Bg7 4. g3 O-O 5. Bg2 c6 6. O-O d5 7. cxd5 cxd5,9,3,D_Closed_Games_and_Grunfeld\D79_Neo_Gr_nfeld_Defense.pdf
D80,Grünfeld Defense,Grunfeld Defense,7,Grünfeld Defense,1. d4 Nf6 2. c4 g6 3. Nc3 d5,50,3,D_Closed_Games_and_Grunfeld\D80_Gr_nfeld_Defense.pdf
D81,Grünfeld Defense,Grunfeld Defense,1,"Grünfeld Defense: Russian Variation, Accelerated Variation",1. d4 Nf6 2. c4 g6 3. Nc3 d5 4. Qb3,15,3,D_Closed_Games_and_Grunfeld\D81_Gr_nfeld_Defense.pdf
D82,Grünfeld Defense,Grunfeld Defense,1,Grünfeld Defense: Brinckmann Attack,1. d4 Nf6 2. c4 g6 3. Nc3 d5 4. Bf4,39,3,D_Closed_Games_and_Grunfeld\D82_Gr_nfeld_Defense.pdf
D83,Grünfeld Defense,Grunfeld Defense,4,"Grünfeld Defense: Brinckmann Attack, Grünfeld Gambit",1. d4 Nf6 2. c4 g6 3. Nc3 d5 4. Bf4 Bg7 5. e3 O-O,34,3,D_Closed_Games_and_Grunfeld\D83_Gr_nfeld_Defense.pdf
D84,Grünfeld Defense,Grunfeld Defense,1,"Grünfeld Defense: Brinckmann Attack, Grünfeld Gambit Accepted",1. d4 Nf6 2. c4 g6 3. Nc3 d5 4. Bf4 Bg7 5. e3 O-O 6. cxd5 Nxd5 7. Nxd5 Qxd5 8. Bxc7,-37,3,D_Closed_Games_and_Grunfeld\D84_Gr_nfeld_Defense.pdf
D85,Grünfeld Defense,Grunfeld Defense,7,Grünfeld Defense: Exchange Variation,1. d4 Nf6 2. c4 g6 3. Nc3 d5 4. cxd5 Nxd5,40,3,D_Closed_Games_and_Grunfeld\D85_Gr_nfeld_Defense.pdf
D86,Grünfeld Defense,Grunfeld Defense,5,"Grünfeld Defense: Exchange Variation, Classical Variation",1. d4 Nf6 2. c4 g6 3. Nc3 d5 4. cxd5 Nxd5 5. e4 Nxc3 6. bxc3 Bg7 7. Bc4,27,3,D_Closed_Games_and_Grunfeld\D86_Gr_nfeld_Defense.pdf
D87,Grünfeld Defense,Grunfeld Defense,2,"Grünfeld Defense: Exchange Variation, Spassky Variation",1. d4 Nf6 2. c4 g6 3. Nc3 d5 4. cxd5 Nxd5 5. e4 Nxc3 6. bxc3 Bg7 7. Bc4 c5 8. Ne2 O-O,24,3,D_Closed_Games_and_Grunfeld\D87_Gr_nfeld_Defense.pdf
D88,Grünfeld Defense,Grunfeld Defense,1,"Grünfeld Defense: Exchange Variation, Spassky Variation",1. d4 Nf6 2. c4 g6 3. Nc3 d5 4. cxd5 Nxd5 5. e4 Nxc3 6. bxc3 Bg7 7. Bc4 c5 8. Ne2 Nc6 9. Be3 O-O 10. O-O cxd4 11. cxd4,53,3,D_Closed_Games_and_Grunfeld\D88_Gr_nfeld_Defense.pdf
D89,Grünfeld Defense,Grunfeld Defense,2,"Grünfeld Defense: Exchange Variation, Spassky Variation",1. d4 Nf6 2. c4 g6 3. Nc3 d5 4. cxd5 Nxd5 5. e4 Nxc3 6. bxc3 Bg7 7. Bc4 c5 8. Ne2 Nc6 9. Be3 O-O 10. O-O Bg4 11. f3 Na5 12. Bd3 cxd4 13. cxd4 Be6,52,3,D_Closed_Games_and_Grunfeld\D89_Gr_nfeld_Defense.pdf
D90,Grünfeld Defense,Grunfeld Defense,3,Grünfeld Defense: Three Knights Variation,1. d4 Nf6 2. c4 g6 3. Nc3 d5 4. Nf3,48,3,D_Closed_Games_and_Grunfeld\D90_Gr_nfeld_Defense.pdf
D91,Grünfeld Defense,Grunfeld Defense,1,"Grünfeld Defense: Three Knights Variation, Petrosian System",1. d4 Nf6 2. c4 g6 3. Nc3 d5 4. Nf3 Bg7 5. Bg5,16,3,D_Closed_Games_and_Grunfeld\D91_Gr_nfeld_Defense.pdf
D92,Grünfeld Defense,Grunfeld Defense,1,"Grünfeld Defense: Three Knights Variation, Hungarian Attack",1. d4 Nf6 2. c4 g6 3. Nc3 d5 4. Nf3 Bg7 5. Bf4,12,3,D_Closed_Games_and_Grunfeld\D92_Gr_nfeld_Defense.pdf
D93,Grünfeld Defense,Grunfeld Defense,1,"Grünfeld Defense: Three Knights Variation, Hungarian Variation",1. d4 Nf6 2. c4 g6 3. Nc3 d5 4. Nf3 Bg7 5. Bf4 O-O 6. e3,-4,3,D_Closed_Games_and_Grunfeld\D93_Gr_nfeld_Defense.pdf
D94,Grünfeld Defense,Grunfeld Defense,6,Grünfeld Defense: Makogonov Variation,1. d4 Nf6 2. c4 g6 3. Nc3 d5 4. Nf3 Bg7 5. e3 O-O 6. b4,-20,3,D_Closed_Games_and_Grunfeld\D94_Gr_nfeld_Defense.pdf
D95,Grünfeld Defense,Grunfeld Defense,3,Grünfeld Defense: Botvinnik Variation,1. d4 Nf6 2. c4 g6 3. Nc3 d5 4. Nf3 Bg7 5. e3 O-O 6. Qb3 e6,11,3,D_Closed_Games_and_Grunfeld\D95_Gr_nfeld_Defense.pdf
D96,Grünfeld Defense,Grunfeld Defense,1,Grünfeld Defense: Russian Variation,1. d4 Nf6 2. c4 g6 3. Nc3 d5 4. Nf3 Bg7 5. Qb3,23,3,D_Closed_Games_and_Grunfeld\D96_Gr_nfeld_Defense.pdf
D97,Grünfeld Defense,Grunfeld Defense,6,Grünfeld Defense: Russian Variation,1. d4 Nf6 2. c4 g6 3. Nc3 d5 4. Nf3 Bg7 5. Qb3 dxc4 6. Qxc4 O-O 7. e4,61,3,D_Closed_Games_and_Grunfeld\D97_Gr_nfeld_Defense.pdf
D98,Grünfeld Defense,Grunfeld Defense,2,"Grünfeld Defense: Russian Variation, Smyslov Variation",1. d4 Nf6 2. c4 g6 3. Nc3 d5 4. Nf3 Bg7 5. Qb3 dxc4 6. Qxc4 O-O 7. e4 Bg4,72,3,D_Closed_Games_and_Grunfeld\D98_Gr_nfeld_Defense.pdf
D99,Grünfeld Defense,Grunfeld Defense,2,"Grünfeld Defense: Russian Variation, Smyslov Variation",1. d4 Nf6 2. c4 g6 3. Nc3 d5 4. Nf3 Bg7 5. Qb3 dxc4 6. Qxc4 O-O 7. e4 Bg4 8. Be3 Nfd7 9. Qb3,71,3,D_Closed_Games_and_Grunfeld\D99_Gr_nfeld_Defense.pdf
E00,Catalan and Indian Queen's Pawn Setups,Catalan Opening,6,Catalan Opening,1. d4 Nf6 2. c4 e6 3. g3 d5,22,3,E_Indian_Defenses\E00_Catalan_and_Indian_Queens_Pawn_Setups.pdf
E01,Catalan Opening,Catalan Opening,2,Catalan Opening: Open Defense,1. d4 Nf6 2. c4 e6 3. g3 d5 4. Bg2,24,3,E_Indian_Defenses\E01_Catalan_Opening.pdf
E02,Catalan Opening,Catalan Opening,1,Catalan Opening: Open Defense,1. d4 Nf6 2. c4 e6 3. g3 d5 4. Bg2 dxc4,39,3,E_Indian_Defenses\E02_Catalan_Opening.pdf
E03,Catalan Opening,Catalan Opening,2,Catalan Opening: Open Defense,1. d4 Nf6 2. c4 e6 3. g3 d5 4. Bg2 dxc4 5. Qa4+ Nbd7 6. Qxc4,41,3,E_Indian_Defenses\E03_Catalan_Opening.pdf
E04,Catalan Opening,Catalan Opening,3,Catalan Opening: Open Defense,1. d4 Nf6 2. c4 e6 3. g3 d5 4. Bg2 dxc4 5. Nf3,31,3,E_Indian_Defenses\E04_Catalan_Opening.pdf
E05,Catalan Opening,Catalan Opening,2,"Catalan Opening: Open Defense, Classical Line",1. d4 Nf6 2. c4 e6 3. g3 d5 4. Bg2 dxc4 5. Nf3 Be7,54,3,E_Indian_Defenses\E05_Catalan_Opening.pdf
E06,Catalan Opening,Catalan Opening,4,Catalan Opening: Closed,1. d4 Nf6 2. c4 e6 3. g3 d5 4. Bg2 Be7 5. Nf3,35,3,E_Indian_Defenses\E06_Catalan_Opening.pdf
E07,Catalan Opening,Catalan Opening,2,Catalan Opening: Closed,1. d4 Nf6 2. c4 e6 3. g3 d5 4. Bg2 Be7 5. Nf3 O-O 6. O-O Nbd7,43,3,E_Indian_Defenses\E07_Catalan_Opening.pdf
E08,Catalan Opening,Catalan Opening,7,Catalan Opening: Closed,1. d4 Nf6 2. c4 e6 3. g3 d5 4. Bg2 Be7 5. Nf3 O-O 6. O-O Nbd7 7. Qc2,47,3,E_Indian_Defenses\E08_Catalan_Opening.pdf
E09,Catalan Opening,Catalan Opening,6,"Catalan Opening: Closed, Main Line",1. d4 Nf6 2. c4 e6 3. Nf3 d5 4. g3 Be7 5. Bg2 O-O 6. O-O Nbd7 7. Qc2 c6 8. Nbd2,55,3,E_Indian_Defenses\E09_Catalan_Opening.pdf
E10,Blumenfeld Countergambit,"Benoni, Benko, and Indian structures",7,Blumenfeld Countergambit,1. d4 Nf6 2. c4 e6 3. Nf3 c5 4. d5 b5,64,3,E_Indian_Defenses\E10_Blumenfeld_Countergambit.pdf
E11,Bogo-Indian Defense,Queen's Indian and Bogo-Indian structures,21,Bogo-Indian Defense,1. d4 Nf6 2. c4 e6 3. Nf3 Bb4+,47,5,E_Indian_Defenses\E11_Bogo_Indian_Defense.pdf
E12,Queen's Indian Defense,Queen's Indian and Bogo-Indian structures,18,Queen's Indian Defense,1. d4 Nf6 2. c4 e6 3. Nf3 b6,49,4,E_Indian_Defenses\E12_Queens_Indian_Defense.pdf
E13,Queen's Indian Defense,Queen's Indian and Bogo-Indian structures,1,Queen's Indian Defense: Kasparov Variation,1. d4 Nf6 2. c4 e6 3. Nf3 b6 4. Nc3 Bb4 5. Bg5 h6 6. Bh4 Bb7,18,3,E_Indian_Defenses\E13_Queens_Indian_Defense.pdf
E14,"Queen's Indian Defense, with e3",Queen's Indian and Bogo-Indian structures,22,"Queen's Indian Defense, with e3",1. d4 Nf6 2. c4 e6 3. Nf3 d5 4. e3 b6 5. Nc3 Bb7,38,5,E_Indian_Defenses\E14_Queens_Indian_Defense_with_e3.pdf
E15,Queen's Indian Defense,Queen's Indian and Bogo-Indian structures,12,Queen's Indian Defense: Fianchetto Variation,1. d4 Nf6 2. c4 e6 3. Nf3 b6 4. g3,30,4,E_Indian_Defenses\E15_Queens_Indian_Defense.pdf
E16,Queen's Indian Defense,Queen's Indian and Bogo-Indian structures,3,Queen's Indian Defense: Capablanca Variation,1. d4 Nf6 2. c4 e6 3. Nf3 b6 4. g3 Bb7 5. Bg2 Bb4+,42,3,E_Indian_Defenses\E16_Queens_Indian_Defense.pdf
E17,Queen's Indian Defense,Queen's Indian and Bogo-Indian structures,8,Queen's Indian Defense: Traditional Variation,1. d4 Nf6 2. c4 e6 3. Nf3 b6 4. g3 Bb7 5. Bg2 Be7,31,3,E_Indian_Defenses\E17_Queens_Indian_Defense.pdf
E18,Queen's Indian Defense,Queen's Indian and Bogo-Indian structures,3,"Queen's Indian Defense: Classical Variation, Traditional Variation",1. d4 Nf6 2. c4 e6 3. Nf3 b6 4. g3 Bb7 5. Bg2 Be7 6. O-O O-O 7. Nc3,38,3,E_Indian_Defenses\E18_Queens_Indian_Defense.pdf
E19,Queen's Indian Defense,Queen's Indian and Bogo-Indian structures,1,"Queen's Indian Defense: Classical Variation, Traditional Variation, Main Line",1. d4 Nf6 2. c4 e6 3. Nf3 b6 4. g3 Bb7 5. Bg2 Be7 6. O-O O-O 7. Nc3 Ne4 8. Qc2 Nxc3 9. Qxc3,40,3,E_Indian_Defenses\E19_Queens_Indian_Defense.pdf
E20,Nimzo-Indian Defense,Nimzo-Indian Defense,7,Nimzo-Indian Defense,1. d4 Nf6 2. c4 e6 3. Nc3 Bb4,30,3,E_Indian_Defenses\E20_Nimzo_Indian_Defense.pdf
E21,Nimzo-Indian Defense,Nimzo-Indian Defense,4,Nimzo-Indian Defense: Three Knights Variation,1. d4 Nf6 2. c4 e6 3. Nc3 Bb4 4. Nf3,24,3,E_Indian_Defenses\E21_Nimzo_Indian_Defense.pdf
E22,Nimzo-Indian Defense,Nimzo-Indian Defense,1,Nimzo-Indian Defense: Spielmann Variation,1. d4 Nf6 2. c4 e6 3. Nc3 Bb4 4. Qb3,-5,3,E_Indian_Defenses\E22_Nimzo_Indian_Defense.pdf
E23,Nimzo-Indian Defense,Nimzo-Indian Defense,4,"Nimzo-Indian Defense: Spielmann Variation, Carlsbad Variation",1. d4 Nf6 2. c4 e6 3. Nc3 Bb4 4. Qb3 c5 5. dxc5 Nc6 6. Nf3 Ne4 7. Bd2 Nxd2,-8,3,E_Indian_Defenses\E23_Nimzo_Indian_Defense.pdf
E24,Nimzo-Indian Defense,Nimzo-Indian Defense,2,Nimzo-Indian Defense: Sämisch Variation,1. d4 Nf6 2. c4 e6 3. Nc3 Bb4 4. a3,-2,3,E_Indian_Defenses\E24_Nimzo_Indian_Defense.pdf
E25,Nimzo-Indian Defense,Nimzo-Indian Defense,3,Nimzo-Indian Defense: Sämisch Variation,1. d4 Nf6 2. c4 e6 3. Nc3 Bb4 4. f3 d5 5. a3 Bxc3+ 6. bxc3 c5 7. cxd5,13,3,E_Indian_Defenses\E25_Nimzo_Indian_Defense.pdf
E26,Nimzo-Indian Defense,Nimzo-Indian Defense,2,Nimzo-Indian Defense: Sämisch Variation,1. d4 Nf6 2. c4 e6 3. Nc3 Bb4 4. a3 Bxc3+ 5. bxc3 c5 6. e3,-2,3,E_Indian_Defenses\E26_Nimzo_Indian_Defense.pdf
E27,Nimzo-Indian Defense,Nimzo-Indian Defense,1,Nimzo-Indian Defense: Sämisch Variation,1. d4 Nf6 2. c4 e6 3. Nc3 Bb4 4. a3 Bxc3+ 5. bxc3 O-O,28,3,E_Indian_Defenses\E27_Nimzo_Indian_Defense.pdf
E28,Nimzo-Indian Defense,Nimzo-Indian Defense,1,Nimzo-Indian Defense: Sämisch Variation,1. d4 Nf6 2. c4 e6 3. Nc3 Bb4 4. e3 O-O 5. a3 Bxc3+ 6. bxc3,-10,3,E_Indian_Defenses\E28_Nimzo_Indian_Defense.pdf
E29,Nimzo-Indian Defense,Nimzo-Indian Defense,2,Nimzo-Indian Defense: Sämisch Variation,1. d4 Nf6 2. c4 e6 3. Nc3 Bb4 4. e3 c5 5. Bd3 Nc6 6. a3 Bxc3+ 7. bxc3 O-O,27,3,E_Indian_Defenses\E29_Nimzo_Indian_Defense.pdf
E30,Nimzo-Indian Defense,Nimzo-Indian Defense,2,Nimzo-Indian Defense: Leningrad Variation,1. d4 Nf6 2. c4 e6 3. Nc3 Bb4 4. Bg5,11,3,E_Indian_Defenses\E30_Nimzo_Indian_Defense.pdf
E31,Nimzo-Indian Defense,Nimzo-Indian Defense,1,"Nimzo-Indian Defense: Leningrad Variation, Benoni Defense",1. d4 Nf6 2. c4 e6 3. Nc3 Bb4 4. Bg5 h6 5. Bh4 c5 6. d5 d6,-43,3,E_Indian_Defenses\E31_Nimzo_Indian_Defense.pdf
E32,Nimzo-Indian Defense,Nimzo-Indian Defense,3,Nimzo-Indian Defense: Classical Variation,1. d4 Nf6 2. c4 e6 3. Nc3 Bb4 4. Qc2,7,3,E_Indian_Defenses\E32_Nimzo_Indian_Defense.pdf
E33,Nimzo-Indian Defense,Nimzo-Indian Defense,2,"Nimzo-Indian Defense: Classical Variation, Zurich Variation",1. d4 Nf6 2. c4 e6 3. Nc3 Bb4 4. Qc2 Nc6,48,3,E_Indian_Defenses\E33_Nimzo_Indian_Defense.pdf
E34,Nimzo-Indian Defense,Nimzo-Indian Defense,2,"Nimzo-Indian Defense: Classical Variation, Noa Variation",1. d4 Nf6 2. c4 e6 3. Nc3 Bb4 4. Qc2 d5,15,3,E_Indian_Defenses\E34_Nimzo_Indian_Defense.pdf
E35,Nimzo-Indian Defense,Nimzo-Indian Defense,1,"Nimzo-Indian Defense: Classical Variation, Noa Variation",1. d4 Nf6 2. c4 e6 3. Nc3 Bb4 4. Qc2 d5 5. cxd5 exd5,3,3,E_Indian_Defenses\E35_Nimzo_Indian_Defense.pdf
E36,Nimzo-Indian Defense,Nimzo-Indian Defense,4,"Nimzo-Indian Defense: Classical Variation, Noa Variation",1. d4 Nf6 2. c4 e6 3. Nc3 Bb4 4. Qc2 d5 5. a3,16,3,E_Indian_Defenses\E36_Nimzo_Indian_Defense.pdf
E37,Nimzo-Indian Defense,Nimzo-Indian Defense,3,"Nimzo-Indian Defense: Classical Variation, Noa Variation",1. d4 Nf6 2. c4 e6 3. Nc3 Bb4 4. Qc2 d5 5. a3 Bxc3+ 6. Qxc3 Ne4 7. Qc2,58,3,E_Indian_Defenses\E37_Nimzo_Indian_Defense.pdf
E38,Nimzo-Indian Defense,Nimzo-Indian Defense,3,"Nimzo-Indian Defense: Classical Variation, Berlin Variation",1. d4 Nf6 2. c4 e6 3. Nc3 Bb4 4. Qc2 c5,24,3,E_Indian_Defenses\E38_Nimzo_Indian_Defense.pdf
E39,Nimzo-Indian Defense,Nimzo-Indian Defense,2,"Nimzo-Indian Defense: Classical Variation, Berlin Variation, Pirc Variation",1. d4 Nf6 2. c4 e6 3. Nc3 Bb4 4. Qc2 c5 5. dxc5 O-O,46,3,E_Indian_Defenses\E39_Nimzo_Indian_Defense.pdf
E40,Nimzo-Indian Defense,Nimzo-Indian Defense,2,Nimzo-Indian Defense: Rubinstein System,1. d4 Nf6 2. c4 e6 3. Nc3 Bb4 4. e3,31,3,E_Indian_Defenses\E40_Nimzo_Indian_Defense.pdf
E41,Nimzo-Indian Defense,Nimzo-Indian Defense,3,Nimzo-Indian Defense: Rubinstein System,1. d4 Nf6 2. c4 e6 3. Nc3 Bb4 4. e3 c5,32,3,E_Indian_Defenses\E41_Nimzo_Indian_Defense.pdf
E42,Nimzo-Indian Defense,Nimzo-Indian Defense,3,"Nimzo-Indian Defense: Rubinstein System, Rubinstein Variation",1. d4 Nf6 2. c4 e6 3. Nc3 Bb4 4. e3 c5 5. Ne2,28,3,E_Indian_Defenses\E42_Nimzo_Indian_Defense.pdf
E43,Nimzo-Indian Defense,Nimzo-Indian Defense,12,Nimzo-Indian Defense: St. Petersburg Variation,1. d4 Nf6 2. c4 e6 3. Nc3 Bb4 4. e3 b6,35,4,E_Indian_Defenses\E43_Nimzo_Indian_Defense.pdf
E44,Nimzo-Indian Defense,Nimzo-Indian Defense,3,Nimzo-Indian Defense: St. Petersburg Variation,1. d4 Nf6 2. c4 e6 3. Nc3 Bb4 4. e3 b6 5. Ne2,27,3,E_Indian_Defenses\E44_Nimzo_Indian_Defense.pdf
E45,Nimzo-Indian Defense,Nimzo-Indian Defense,1,"Nimzo-Indian Defense: St. Petersburg Variation, Fischer Variation",1. d4 Nf6 2. c4 e6 3. Nc3 Bb4 4. e3 b6 5. Ne2 Ba6,72,3,E_Indian_Defenses\E45_Nimzo_Indian_Defense.pdf
E46,Nimzo-Indian Defense,Nimzo-Indian Defense,3,Nimzo-Indian Defense: Normal Variation,1. d4 Nf6 2. c4 e6 3. Nc3 Bb4 4. e3 O-O,37,3,E_Indian_Defenses\E46_Nimzo_Indian_Defense.pdf
E47,Nimzo-Indian Defense,Nimzo-Indian Defense,1,Nimzo-Indian Defense: Normal Variation,1. d4 Nf6 2. c4 e6 3. Nc3 Bb4 4. e3 O-O 5. Bd3,30,3,E_Indian_Defenses\E47_Nimzo_Indian_Defense.pdf
E48,Nimzo-Indian Defense,Nimzo-Indian Defense,2,Nimzo-Indian Defense: Ragozin Defense,1. d4 Nf6 2. c4 e6 3. Nc3 Bb4 4. e3 O-O 5. Bd3 d5 6. Nf3 Nc6 7. O-O,53,3,E_Indian_Defenses\E48_Nimzo_Indian_Defense.pdf
E49,Nimzo-Indian Defense,Nimzo-Indian Defense,1,"Nimzo-Indian Defense: Normal Variation, Botvinnik System",1. d4 Nf6 2. c4 e6 3. Nc3 Bb4 4. e3 O-O 5. Bd3 d5 6. a3 Bxc3+ 7. bxc3,26,3,E_Indian_Defenses\E49_Nimzo_Indian_Defense.pdf
E50,Nimzo-Indian Defense,Nimzo-Indian Defense,1,Nimzo-Indian Defense,1. d4 Nf6 2. c4 e6 3. Nc3 Bb4 4. e3 O-O 5. Nf3,26,3,E_Indian_Defenses\E50_Nimzo_Indian_Defense.pdf
E51,Nimzo-Indian Defense,Nimzo-Indian Defense,3,Nimzo-Indian Defense: Ragozin Variation,1. d4 Nf6 2. c4 e6 3. Nc3 Bb4 4. e3 O-O 5. Bd3 d5 6. Nf3 Nc6 7. O-O dxc4,46,3,E_Indian_Defenses\E51_Nimzo_Indian_Defense.pdf
E52,Nimzo-Indian Defense,Nimzo-Indian Defense,2,"Nimzo-Indian Defense: Normal Variation, Schlechter Defense",1. d4 Nf6 2. c4 e6 3. Nc3 Bb4 4. e3 O-O 5. Bd3 d5 6. Nf3 b6,39,3,E_Indian_Defenses\E52_Nimzo_Indian_Defense.pdf
E53,Nimzo-Indian Defense,Nimzo-Indian Defense,3,"Nimzo-Indian Defense: Normal Variation, Gligoric System",1. d4 Nf6 2. c4 e6 3. Nc3 Bb4 4. e3 O-O 5. Bd3 d5 6. Nf3 c5,24,3,E_Indian_Defenses\E53_Nimzo_Indian_Defense.pdf
E54,Nimzo-Indian Defense,Nimzo-Indian Defense,3,"Nimzo-Indian Defense: Normal Variation, Gligoric System, Exchange Variation",1. d4 Nf6 2. c4 e6 3. Nc3 Bb4 4. e3 O-O 5. Bd3 d5 6. Nf3 c5 7. O-O dxc4 8. Bxc4,25,3,E_Indian_Defenses\E54_Nimzo_Indian_Defense.pdf
E55,Nimzo-Indian Defense,Nimzo-Indian Defense,1,"Nimzo-Indian Defense: Normal Variation, Gligoric System, Bronstein Variation",1. d4 Nf6 2. c4 e6 3. Nc3 Bb4 4. e3 O-O 5. Bd3 d5 6. Nf3 c5 7. O-O dxc4 8. Bxc4 Nbd7,41,3,E_Indian_Defenses\E55_Nimzo_Indian_Defense.pdf
E56,Nimzo-Indian Defense,Nimzo-Indian Defense,1,"Nimzo-Indian Defense: Normal Variation, Gligoric System, Bernstein Defense",1. d4 Nf6 2. c4 e6 3. Nc3 Bb4 4. e3 O-O 5. Bd3 d5 6. Nf3 c5 7. O-O Nc6,19,3,E_Indian_Defenses\E56_Nimzo_Indian_Defense.pdf
E57,Nimzo-Indian Defense,Nimzo-Indian Defense,1,"Nimzo-Indian Defense: Normal Variation, Gligoric System, Bernstein Defense",1. d4 Nf6 2. c4 e6 3. Nc3 Bb4 4. e3 O-O 5. Bd3 d5 6. Nf3 c5 7. O-O Nc6 8. a3 dxc4 9. Bxc4 cxd4,68,3,E_Indian_Defenses\E57_Nimzo_Indian_Defense.pdf
E58,Nimzo-Indian Defense,Nimzo-Indian Defense,1,"Nimzo-Indian Defense: Normal Variation, Bernstein Defense, Exchange Line",1. d4 Nf6 2. c4 e6 3. Nc3 Bb4 4. e3 O-O 5. Bd3 d5 6. Nf3 c5 7. O-O Nc6 8. a3 Bxc3 9. bxc3,27,3,E_Indian_Defenses\E58_Nimzo_Indian_Defense.pdf
E59,Nimzo-Indian Defense,Nimzo-Indian Defense,2,"Nimzo-Indian Defense: Normal Variation, Bernstein Defense",1. d4 Nf6 2. c4 e6 3. Nc3 Bb4 4. e3 O-O 5. Bd3 d5 6. Nf3 c5 7. O-O Nc6 8. a3 Bxc3 9. bxc3 dxc4 10. Bxc4,33,3,E_Indian_Defenses\E59_Nimzo_Indian_Defense.pdf
E60,Indian Defense,King's Indian Defense,14,Indian Defense: West Indian Defense,1. d4 Nf6 2. c4 g6,39,4,E_Indian_Defenses\E60_Indian_Defense.pdf
E61,King's Indian Defense,King's Indian Defense,6,King's Indian Defense,1. d4 Nf6 2. c4 g6 3. Nc3,46,3,E_Indian_Defenses\E61_Kings_Indian_Defense.pdf
E62,King's Indian Defense,King's Indian Defense,7,"King's Indian Defense: Fianchetto Variation, Delayed Fianchetto",1. d4 Nf6 2. c4 g6 3. Nc3 Bg7 4. Nf3 d6 5. g3,42,3,E_Indian_Defenses\E62_Kings_Indian_Defense.pdf
E63,King's Indian Defense,King's Indian Defense,4,"King's Indian Defense: Fianchetto Variation, Panno Variation",1. d4 Nf6 2. c4 g6 3. Nf3 Bg7 4. g3 O-O 5. Bg2 d6 6. O-O Nc6 7. Nc3 a6,77,3,E_Indian_Defenses\E63_Kings_Indian_Defense.pdf
E64,King's Indian Defense,King's Indian Defense,5,"King's Indian Defense: Fianchetto Variation, Pterodactyl Variation",1. d4 Nf6 2. c4 g6 3. Nf3 Bg7 4. g3 c5 5. Bg2 Qa5+,49,3,E_Indian_Defenses\E64_Kings_Indian_Defense.pdf
E65,King's Indian Defense,King's Indian Defense,2,"King's Indian Defense: Fianchetto Variation, Yugoslav Variation",1. d4 Nf6 2. c4 g6 3. Nf3 Bg7 4. g3 O-O 5. Bg2 d6 6. O-O c5 7. Nc3,30,3,E_Indian_Defenses\E65_Kings_Indian_Defense.pdf
E66,King's Indian Defense,King's Indian Defense,1,"King's Indian Defense: Fianchetto Variation, Yugoslav Variation, Advance Line",1. d4 Nf6 2. c4 g6 3. Nf3 Bg7 4. g3 O-O 5. Bg2 d6 6. O-O c5 7. Nc3 Nc6 8. d5,18,3,E_Indian_Defenses\E66_Kings_Indian_Defense.pdf
E67,King's Indian Defense,King's Indian Defense,2,"King's Indian Defense: Fianchetto Variation, Debrecen Defense",1. d4 Nf6 2. c4 g6 3. g3 Bg7 4. Bg2 O-O 5. Nc3 d6 6. Nf3 Nbd7,34,3,E_Indian_Defenses\E67_Kings_Indian_Defense.pdf
E68,King's Indian Defense,King's Indian Defense,2,"King's Indian Defense: Fianchetto Variation, Classical Variation",1. d4 Nf6 2. c4 g6 3. Nf3 Bg7 4. g3 O-O 5. Bg2 d6 6. O-O Nbd7 7. Nc3 e5 8. e4,56,3,E_Indian_Defenses\E68_Kings_Indian_Defense.pdf
E69,King's Indian Defense,King's Indian Defense,1,"King's Indian Defense: Fianchetto Variation, Classical Main Line",1. d4 Nf6 2. c4 g6 3. Nf3 Bg7 4. g3 O-O 5. Bg2 d6 6. O-O Nbd7 7. Nc3 e5 8. e4 c6 9. h3,72,3,E_Indian_Defenses\E69_Kings_Indian_Defense.pdf
E70,King's Indian Defense,King's Indian Defense,4,King's Indian Defense: Normal Variation,1. d4 Nf6 2. c4 g6 3. Nc3 Bg7 4. e4,60,3,E_Indian_Defenses\E70_Kings_Indian_Defense.pdf
E71,King's Indian Defense,King's Indian Defense,2,King's Indian Defense: Makogonov Variation,1. d4 Nf6 2. c4 g6 3. Nc3 Bg7 4. e4 d6 5. h3,56,3,E_Indian_Defenses\E71_Kings_Indian_Defense.pdf
E72,King's Indian Defense,King's Indian Defense,2,King's Indian Defense: Pomar System,1. d4 Nf6 2. c4 g6 3. Nc3 Bg7 4. e4 d6 5. g3 O-O 6. Bg2 e5 7. Nge2,12,3,E_Indian_Defenses\E72_Kings_Indian_Defense.pdf
E73,King's Indian Defense,King's Indian Defense,9,King's Indian Defense: Averbakh Variation,1. d4 Nf6 2. c4 g6 3. Nc3 Bg7 4. e4 d6 5. Be2 O-O 6. Bg5,45,3,E_Indian_Defenses\E73_Kings_Indian_Defense.pdf
E74,King's Indian Defense,King's Indian Defense,3,"King's Indian Defense: Averbakh Variation, Benoni Defense",1. d4 Nf6 2. c4 g6 3. Nc3 Bg7 4. e4 d6 5. Be2 O-O 6. Bg5 c5,22,3,E_Indian_Defenses\E74_Kings_Indian_Defense.pdf
E75,King's Indian Defense,King's Indian Defense,1,"King's Indian Defense: Averbakh Variation, Main Line",1. d4 Nf6 2. c4 g6 3. Nc3 Bg7 4. e4 d6 5. Be2 O-O 6. Bg5 c5 7. d5 e6,51,3,E_Indian_Defenses\E75_Kings_Indian_Defense.pdf
E76,King's Indian Defense,King's Indian Defense,3,King's Indian Defense: Four Pawns Attack,1. d4 Nf6 2. c4 g6 3. Nc3 Bg7 4. e4 d6 5. f4,33,3,E_Indian_Defenses\E76_Kings_Indian_Defense.pdf
E77,King's Indian Defense,King's Indian Defense,4,King's Indian Defense: Four Pawns Attack,1. d4 Nf6 2. c4 g6 3. Nc3 Bg7 4. e4 d6 5. Be2 O-O 6. f4,36,3,E_Indian_Defenses\E77_Kings_Indian_Defense.pdf
E78,King's Indian Defense,King's Indian Defense,1,"King's Indian Defense: Four Pawns Attack, Fluid Attack",1. d4 Nf6 2. c4 g6 3. Nc3 Bg7 4. e4 d6 5. f4 O-O 6. Nf3 c5 7. Be2,-26,3,E_Indian_Defenses\E78_Kings_Indian_Defense.pdf
E79,King's Indian Defense,King's Indian Defense,1,"King's Indian Defense: Four Pawns Attack, Exchange Variation",1. d4 Nf6 2. c4 g6 3. Nc3 Bg7 4. e4 d6 5. f4 O-O 6. Nf3 c5 7. Be2 cxd4 8. Nxd4 Nc6 9. Be3,10,3,E_Indian_Defenses\E79_Kings_Indian_Defense.pdf
E80,King's Indian Defense,King's Indian Defense,1,King's Indian Defense: Sämisch Variation,1. d4 Nf6 2. c4 g6 3. Nc3 Bg7 4. e4 d6 5. f3,55,3,E_Indian_Defenses\E80_Kings_Indian_Defense.pdf
E81,King's Indian Defense,King's Indian Defense,9,King's Indian Defense: Steiner Attack,1. d4 Nf6 2. c4 g6 3. Nc3 Bg7 4. e4 d6 5. f3 O-O 6. Bg5,16,3,E_Indian_Defenses\E81_Kings_Indian_Defense.pdf
E82,King's Indian Defense,King's Indian Defense,1,"King's Indian Defense: Sämisch Variation, Double Fianchetto",1. d4 Nf6 2. c4 g6 3. Nc3 Bg7 4. e4 d6 5. f3 O-O 6. Be3 b6,60,3,E_Indian_Defenses\E82_Kings_Indian_Defense.pdf
E83,King's Indian Defense,King's Indian Defense,3,"King's Indian Defense: Sämisch Variation, Yates Defense",1. d4 Nf6 2. c4 g6 3. Nc3 Bg7 4. e4 d6 5. f3 O-O 6. Be3 Nc6,78,3,E_Indian_Defenses\E83_Kings_Indian_Defense.pdf
E84,King's Indian Defense,King's Indian Defense,1,"King's Indian Defense: Sämisch Variation, Panno Main Line",1. d4 Nf6 2. c4 g6 3. Nc3 Bg7 4. e4 d6 5. f3 O-O 6. Be3 Nc6 7. Nge2 a6 8. Qd2 Rb8,71,3,E_Indian_Defenses\E84_Kings_Indian_Defense.pdf
E85,King's Indian Defense,King's Indian Defense,1,"King's Indian Defense: Sämisch Variation, Orthodox Variation",1. d4 Nf6 2. c4 g6 3. Nc3 Bg7 4. e4 d6 5. f3 O-O 6. Be3 e5,80,3,E_Indian_Defenses\E85_Kings_Indian_Defense.pdf
E86,King's Indian Defense,King's Indian Defense,1,King's Indian Defense: Sämisch Variation,1. d4 Nf6 2. c4 g6 3. Nc3 Bg7 4. e4 d6 5. f3 O-O 6. Be3 e5 7. Nge2 c6,104,3,E_Indian_Defenses\E86_Kings_Indian_Defense.pdf
E87,King's Indian Defense,King's Indian Defense,3,"King's Indian Defense: Sämisch Variation, Closed Variation",1. d4 Nf6 2. c4 g6 3. Nc3 Bg7 4. e4 d6 5. f3 O-O 6. Be3 e5 7. d5,73,3,E_Indian_Defenses\E87_Kings_Indian_Defense.pdf
E88,King's Indian Defense,King's Indian Defense,1,"King's Indian Defense: Sämisch Variation, Closed Variation",1. d4 Nf6 2. c4 g6 3. Nc3 Bg7 4. e4 d6 5. f3 O-O 6. Be3 e5 7. d5 c6,92,3,E_Indian_Defenses\E88_Kings_Indian_Defense.pdf
E89,King's Indian Defense,King's Indian Defense,1,"King's Indian Defense: Sämisch Variation, Closed Variation, Main Line",1. d4 Nf6 2. c4 g6 3. Nc3 Bg7 4. e4 d6 5. f3 O-O 6. Be3 e5 7. Nge2 c6 8. d5 cxd5,75,3,E_Indian_Defenses\E89_Kings_Indian_Defense.pdf
E90,King's Indian Defense,King's Indian Defense,3,King's Indian Defense: Larsen Variation,1. d4 Nf6 2. c4 g6 3. Nc3 Bg7 4. e4 d6 5. Nf3 O-O 6. Be3,42,3,E_Indian_Defenses\E90_Kings_Indian_Defense.pdf
E91,King's Indian Defense,King's Indian Defense,2,King's Indian Defense: Orthodox Variation,1. d4 Nf6 2. c4 g6 3. Nc3 Bg7 4. e4 d6 5. Nf3 O-O 6. Be2,59,3,E_Indian_Defenses\E91_Kings_Indian_Defense.pdf
E92,King's Indian Defense,King's Indian Defense,5,King's Indian Defense: Orthodox Variation,1. d4 Nf6 2. c4 g6 3. Nc3 Bg7 4. e4 d6 5. Nf3 O-O 6. Be2 e5,60,3,E_Indian_Defenses\E92_Kings_Indian_Defense.pdf
E93,King's Indian Defense,King's Indian Defense,2,"King's Indian Defense: Petrosian Variation, Normal Defense",1. d4 Nf6 2. c4 g6 3. Nc3 Bg7 4. e4 d6 5. Nf3 O-O 6. Be2 e5 7. d5 Nbd7,56,3,E_Indian_Defenses\E93_Kings_Indian_Defense.pdf
E94,King's Indian Defense,King's Indian Defense,6,King's Indian Defense: Orthodox Variation,1. d4 Nf6 2. c4 g6 3. Nc3 Bg7 4. e4 d6 5. Nf3 O-O 6. Be2 e5 7. O-O,54,3,E_Indian_Defenses\E94_Kings_Indian_Defense.pdf
E95,King's Indian Defense,King's Indian Defense,1,King's Indian Defense: Orthodox Variation,1. d4 Nf6 2. c4 g6 3. Nc3 Bg7 4. e4 d6 5. Nf3 O-O 6. Be2 e5 7. O-O Nbd7 8. Re1,63,3,E_Indian_Defenses\E95_Kings_Indian_Defense.pdf
E96,King's Indian Defense,King's Indian Defense,1,"King's Indian Defense: Orthodox Variation, Positional Defense, Main Line",1. d4 Nf6 2. c4 g6 3. Nc3 Bg7 4. e4 d6 5. Nf3 O-O 6. Be2 e5 7. O-O Nbd7 8. Re1 c6 9. Bf1 a5,64,3,E_Indian_Defenses\E96_Kings_Indian_Defense.pdf
E97,King's Indian Defense,King's Indian Defense,6,"King's Indian Defense: Orthodox Variation, Aronin-Taimanov Defense",1. d4 Nf6 2. c4 g6 3. Nc3 Bg7 4. e4 d6 5. Nf3 O-O 6. Be2 e5 7. O-O Nc6,79,3,E_Indian_Defenses\E97_Kings_Indian_Defense.pdf
E98,King's Indian Defense,King's Indian Defense,3,"King's Indian Defense: Orthodox Variation, Classical System",1. d4 Nf6 2. c4 g6 3. Nc3 Bg7 4. e4 d6 5. Nf3 O-O 6. Be2 e5 7. O-O Nc6 8. d5 Ne7 9. Ne1,40,3,E_Indian_Defenses\E98_Kings_Indian_Defense.pdf
E99,King's Indian Defense,King's Indian Defense,2,"King's Indian Defense: Orthodox Variation, Classical System, Traditional Line",1. d4 Nf6 2. c4 g6 3. Nc3 Bg7 4. e4 d6 5. Nf3 O-O 6. Be2 e5 7. O-O Nc6 8. d5 Ne7 9. Ne1 Nd7 10. f3 f5,71,3,E_Indian_Defenses\E99_Kings_Indian_Defense.pdf
