volume,title,file,pages,units,bytes
1,Hippo Foundations and Setup Map,01_Hippo_Foundations_and_Setup_Map.pdf,48,12,670166
2,Hippo vs 1.e4: Classical Centers,02_Hippo_vs_1_e4_Classical_Centers.pdf,34,8,488001
3,Hippo vs 1.d4: Queen's Pawn Centers,03_Hippo_vs_1_d4_Queens_Pawn_Centers.pdf,34,8,487694
4,"Hippo vs English, Reti, and Flank Openings",04_Hippo_vs_English_Reti_and_Flank_Openings.pdf,34,8,487235
5,"Hippo Move Orders, Transpositions, and Early Deviations",05_Hippo_Move_Orders_Transpositions_and_Early_Deviations.pdf,34,8,487789
6,The Hippo e5 Break,06_The_Hippo_e5_Break.pdf,34,8,487482
7,The Hippo c5 Break,07_The_Hippo_c5_Break.pdf,34,8,487097
8,The Hippo f5 and b5 Breaks,08_The_Hippo_f5_and_b5_Breaks.pdf,34,8,487466
9,Hippo Piece Maneuvers and Defensive Architecture,09_Hippo_Piece_Maneuvers_and_Defensive_Architecture.pdf,34,8,488077
10,Fighting Anti-Hippo Space Attacks,10_Fighting_Anti_Hippo_Space_Attacks.pdf,34,8,487659
11,White Hippopotamus Companion,11_White_Hippopotamus_Companion.pdf,58,15,806151
12,Hippo Pawn-Structure and Plan Atlas,12_Hippo_Pawn_Structure_and_Plan_Atlas.pdf,36,30,476644
13,"Hippo Tactics, Traps, and Defensive Resources",13_Hippo_Tactics_Traps_and_Defensive_Resources.pdf,55,36,558317
14,Hippo Model Games and Guess-the-Move Training,14_Hippo_Model_Games_and_Guess_the_Move_Training.pdf,34,12,402201
15,Hippo Final Workbook and Fritz Companion,15_Hippo_Final_Workbook_and_Fritz_Companion.pdf,89,60,847472
