lesson_number,volume,volume_title,lesson,lesson_title,mode,scenario,start_page,reference_line,decision_rule,memory_rule
1,1,The Sicilian from First Principles,1,Decode: Why Black attacks d4 from the flank,Decode,Why Black attacks d4 from the flank,4,1. e4 c5  2. Nf3 d6  3. d4 cxd4  4. Nxd4 Nf6  5. Nc3,"After the c-pawn exchange, which central square needs protection and which file became Black's long-term highway?",1...c5 buys asymmetry; Black must pay for it with accurate development.
2,1,The Sicilian from First Principles,2,Play: Why Black attacks d4 from the flank,Play,Why Black attacks d4 from the flank,8,1. e4 c5  2. Nf3 d6  3. d4 cxd4  4. Nxd4 Nf6  5. Nc3,"After the c-pawn exchange, which central square needs protection and which file became Black's long-term highway?",1...c5 buys asymmetry; Black must pay for it with accurate development.
3,1,The Sicilian from First Principles,3,Decode: The half-open c-file bargain,Decode,The half-open c-file bargain,12,1. e4 c5  2. Nf3 Nc6  3. d4 cxd4  4. Nxd4 Nf6  5. Nc3 d6  6. Be2 g6  7. O-O Bg7,"Is the c-file currently an attacking line, or must development and a pawn break open access first?",A file matters only when pieces can enter it with tempo.
4,1,The Sicilian from First Principles,4,Play: The half-open c-file bargain,Play,The half-open c-file bargain,16,1. e4 c5  2. Nf3 Nc6  3. d4 cxd4  4. Nxd4 Nf6  5. Nc3 d6  6. Be2 g6  7. O-O Bg7,"Is the c-file currently an attacking line, or must development and a pawn break open access first?",A file matters only when pieces can enter it with tempo.
5,1,The Sicilian from First Principles,5,Decode: Development before decoration,Decode,Development before decoration,20,1. e4 c5  2. Nf3 d6  3. d4 cxd4  4. Nxd4 Nf6  5. Nc3 a6  6. Be2 e5  7. Nb3 Be7  8. O-O O-O,Can Black complete one useful developing move before starting the wing operation?,"In the Sicilian, a slow move is safe only when it supports the next forcing event."
6,1,The Sicilian from First Principles,6,Play: Development before decoration,Play,Development before decoration,24,1. e4 c5  2. Nf3 d6  3. d4 cxd4  4. Nxd4 Nf6  5. Nc3 a6  6. Be2 e5  7. Nb3 Be7  8. O-O O-O,Can Black complete one useful developing move before starting the wing operation?,"In the Sicilian, a slow move is safe only when it supports the next forcing event."
7,2,The Three Sicilian Centers,1,Decode: Scheveningen small center,Decode,Scheveningen small center,4,1. e4 c5  2. Nf3 d6  3. d4 cxd4  4. Nxd4 Nf6  5. Nc3 e6  6. Be2 Be7  7. O-O O-O,"Does ...d5 work tactically now, or does one white piece still overload the d5 square?","The small center is a spring: defend it, then release it with ...d5."
8,2,The Three Sicilian Centers,2,Play: Scheveningen small center,Play,Scheveningen small center,8,1. e4 c5  2. Nf3 d6  3. d4 cxd4  4. Nxd4 Nf6  5. Nc3 e6  6. Be2 Be7  7. O-O O-O,"Does ...d5 work tactically now, or does one white piece still overload the d5 square?","The small center is a spring: defend it, then release it with ...d5."
9,2,The Three Sicilian Centers,3,Decode: The Najdorf ...e5 clamp,Decode,The Najdorf ...e5 clamp,12,1. e4 c5  2. Nf3 d6  3. d4 cxd4  4. Nxd4 Nf6  5. Nc3 a6  6. Be2 e5  7. Nb3 Be7  8. O-O O-O  9. Be3 Be6,What is the concrete plan for the d5 hole before committing the e-pawn to e5?,...e5 gains a tempo but creates a square; every gain sends a bill.
10,2,The Three Sicilian Centers,4,Play: The Najdorf ...e5 clamp,Play,The Najdorf ...e5 clamp,16,1. e4 c5  2. Nf3 d6  3. d4 cxd4  4. Nxd4 Nf6  5. Nc3 a6  6. Be2 e5  7. Nb3 Be7  8. O-O O-O  9. Be3 Be6,What is the concrete plan for the d5 hole before committing the e-pawn to e5?,...e5 gains a tempo but creates a square; every gain sends a bill.
11,2,The Three Sicilian Centers,5,Decode: The ...d5 liberation break,Decode,The ...d5 liberation break,20,1. e4 c5  2. Nf3 d6  3. d4 cxd4  4. Nxd4 Nf6  5. Nc3 a6  6. Be3 e6  7. Qd2 b5  8. f3 Nbd7  9. g4 h6  10. O-O-O Bb7  11. Kb1 Rc8,"After ...d5, can White capture, push, or exploit an opened diagonal with tempo?","A freeing break is earned by control, not by hope."
12,2,The Three Sicilian Centers,6,Play: The ...d5 liberation break,Play,The ...d5 liberation break,24,1. e4 c5  2. Nf3 d6  3. d4 cxd4  4. Nxd4 Nf6  5. Nc3 a6  6. Be3 e6  7. Qd2 b5  8. f3 Nbd7  9. g4 h6  10. O-O-O Bb7  11. Kb1 Rc8,"After ...d5, can White capture, push, or exploit an opened diagonal with tempo?","A freeing break is earned by control, not by hope."
13,3,Map of the Sicilian Families,1,Decode: Dragon: speed and the long diagonal,Decode,Dragon: speed and the long diagonal,4,1. e4 c5  2. Nf3 d6  3. d4 cxd4  4. Nxd4 Nf6  5. Nc3 g6  6. Be3 Bg7  7. f3 O-O  8. Qd2 Nc6,"Whose forcing attack lands first, and which exchange changes the race clock?","The Dragon is a race; count forcing moves, not attractive moves."
14,3,Map of the Sicilian Families,2,Play: Dragon: speed and the long diagonal,Play,Dragon: speed and the long diagonal,8,1. e4 c5  2. Nf3 d6  3. d4 cxd4  4. Nxd4 Nf6  5. Nc3 g6  6. Be3 Bg7  7. f3 O-O  8. Qd2 Nc6,"Whose forcing attack lands first, and which exchange changes the race clock?","The Dragon is a race; count forcing moves, not attractive moves."
15,3,Map of the Sicilian Families,3,Decode: Sveshnikov: activity for holes,Decode,Sveshnikov: activity for holes,12,1. e4 c5  2. Nf3 Nc6  3. d4 cxd4  4. Nxd4 Nf6  5. Nc3 e5  6. Ndb5 d6  7. Bg5 a6  8. Na3 b5,Does Black's next active move create a concrete threat before White fixes the weaknesses?,The Sveshnikov trades squares for time; spend the time immediately.
16,3,Map of the Sicilian Families,4,Play: Sveshnikov: activity for holes,Play,Sveshnikov: activity for holes,16,1. e4 c5  2. Nf3 Nc6  3. d4 cxd4  4. Nxd4 Nf6  5. Nc3 e5  6. Ndb5 d6  7. Bg5 a6  8. Na3 b5,Does Black's next active move create a concrete threat before White fixes the weaknesses?,The Sveshnikov trades squares for time; spend the time immediately.
17,3,Map of the Sicilian Families,5,Decode: Taimanov: flexible development,Decode,Taimanov: flexible development,20,1. e4 c5  2. Nf3 e6  3. d4 cxd4  4. Nxd4 Nc6  5. Nc3 Qc7  6. Be3 a6  7. Qd2 Nf6  8. O-O-O Bb4,"Which white setup has appeared, and which flexible option should now be converted into a concrete plan?",Flexibility is useful only when you know the trigger that ends it.
18,3,Map of the Sicilian Families,6,Play: Taimanov: flexible development,Play,Taimanov: flexible development,24,1. e4 c5  2. Nf3 e6  3. d4 cxd4  4. Nxd4 Nc6  5. Nc3 Qc7  6. Be3 a6  7. Qd2 Nf6  8. O-O-O Bb4,"Which white setup has appeared, and which flexible option should now be converted into a concrete plan?",Flexibility is useful only when you know the trigger that ends it.
19,4,Najdorf Foundations and Move Orders,1,Decode: The meaning of 5...a6,Decode,The meaning of 5...a6,4,1. e4 c5  2. Nf3 d6  3. d4 cxd4  4. Nxd4 Nf6  5. Nc3 a6  6. Be3 e6  7. Qd2 b5,"What did White's sixth move reveal about castling, pawn breaks, and the critical central response?",...a6 asks White to declare a plan; Black's next move must answer that declaration.
20,4,Najdorf Foundations and Move Orders,2,Play: The meaning of 5...a6,Play,The meaning of 5...a6,8,1. e4 c5  2. Nf3 d6  3. d4 cxd4  4. Nxd4 Nf6  5. Nc3 a6  6. Be3 e6  7. Qd2 b5,"What did White's sixth move reveal about castling, pawn breaks, and the critical central response?",...a6 asks White to declare a plan; Black's next move must answer that declaration.
21,4,Najdorf Foundations and Move Orders,3,Decode: Choosing between ...e6 and ...e5,Decode,Choosing between ...e6 and ...e5,12,1. e4 c5  2. Nf3 d6  3. d4 cxd4  4. Nxd4 Nf6  5. Nc3 a6  6. Be2 e5  7. Nb3 Be7  8. O-O O-O  9. f4 Be6,Which structure gives your pieces active squares while denying White a favorable break?,The central pawn decides the whole position; choose it after reading the pieces.
22,4,Najdorf Foundations and Move Orders,4,Play: Choosing between ...e6 and ...e5,Play,Choosing between ...e6 and ...e5,16,1. e4 c5  2. Nf3 d6  3. d4 cxd4  4. Nxd4 Nf6  5. Nc3 a6  6. Be2 e5  7. Nb3 Be7  8. O-O O-O  9. f4 Be6,Which structure gives your pieces active squares while denying White a favorable break?,The central pawn decides the whole position; choose it after reading the pieces.
23,4,Najdorf Foundations and Move Orders,5,Decode: When ...b5 is real,Decode,When ...b5 is real,20,1. e4 c5  2. Nf3 d6  3. d4 cxd4  4. Nxd4 Nf6  5. Nc3 a6  6. Be2 e6  7. O-O Be7  8. f4 Qc7  9. Kh1 O-O  10. a4 Nc6,"If ...b5 is played, what concrete improvement arrives on the next move?","A wing pawn move must buy time, a square, or a file."
24,4,Najdorf Foundations and Move Orders,6,Play: When ...b5 is real,Play,When ...b5 is real,24,1. e4 c5  2. Nf3 d6  3. d4 cxd4  4. Nxd4 Nf6  5. Nc3 a6  6. Be2 e6  7. O-O Be7  8. f4 Qc7  9. Kh1 O-O  10. a4 Nc6,"If ...b5 is played, what concrete improvement arrives on the next move?","A wing pawn move must buy time, a square, or a file."
25,5,Najdorf English Attack,1,Decode: The standard Be3-f3-Qd2-g4 setup,Decode,The standard Be3-f3-Qd2-g4 setup,4,1. e4 c5  2. Nf3 d6  3. d4 cxd4  4. Nxd4 Nf6  5. Nc3 a6  6. Be3 e6  7. f3 b5  8. Qd2 Nbd7  9. g4 h6  10. O-O-O Bb7,"Which forcing move changes the race now: a central break, a pawn contact, or a direct threat to the king?","In opposite-side attacks, count checks, captures, and pawn contacts."
26,5,Najdorf English Attack,2,Play: The standard Be3-f3-Qd2-g4 setup,Play,The standard Be3-f3-Qd2-g4 setup,8,1. e4 c5  2. Nf3 d6  3. d4 cxd4  4. Nxd4 Nf6  5. Nc3 a6  6. Be3 e6  7. f3 b5  8. Qd2 Nbd7  9. g4 h6  10. O-O-O Bb7,"Which forcing move changes the race now: a central break, a pawn contact, or a direct threat to the king?","In opposite-side attacks, count checks, captures, and pawn contacts."
27,5,Najdorf English Attack,3,Decode: The ...Ng4 disruption,Decode,The ...Ng4 disruption,12,1. e4 c5  2. Nf3 d6  3. d4 cxd4  4. Nxd4 Nf6  5. Nc3 a6  6. Be3 Ng4  7. Bg5 h6  8. Bh4 g5  9. Bg3 Bg7,Does the bishop chase win useful structure or merely move the same knight and pawns repeatedly?,"Disrupt the setup, then develop; harassment is not a development plan."
28,5,Najdorf English Attack,4,Play: The ...Ng4 disruption,Play,The ...Ng4 disruption,16,1. e4 c5  2. Nf3 d6  3. d4 cxd4  4. Nxd4 Nf6  5. Nc3 a6  6. Be3 Ng4  7. Bg5 h6  8. Bh4 g5  9. Bg3 Bg7,Does the bishop chase win useful structure or merely move the same knight and pawns repeatedly?,"Disrupt the setup, then develop; harassment is not a development plan."
29,5,Najdorf English Attack,5,Decode: The ...e5 English Attack structure,Decode,The ...e5 English Attack structure,20,1. e4 c5  2. Nf3 d6  3. d4 cxd4  4. Nxd4 Nf6  5. Nc3 a6  6. Be3 e5  7. Nb3 Be6  8. f3 Nbd7  9. g4 Be7  10. Qd2 O-O,"Can White occupy d5 under favorable exchanges, and which black piece must prevent it?","In the ...e5 structure, d5 is the alarm bell for every plan."
30,5,Najdorf English Attack,6,Play: The ...e5 English Attack structure,Play,The ...e5 English Attack structure,24,1. e4 c5  2. Nf3 d6  3. d4 cxd4  4. Nxd4 Nf6  5. Nc3 a6  6. Be3 e5  7. Nb3 Be6  8. f3 Nbd7  9. g4 Be7  10. Qd2 O-O,"Can White occupy d5 under favorable exchanges, and which black piece must prevent it?","In the ...e5 structure, d5 is the alarm bell for every plan."
31,6,Najdorf 6.Bg5,1,Decode: Classical 6...e6 development,Decode,Classical 6...e6 development,4,1. e4 c5  2. Nf3 d6  3. d4 cxd4  4. Nxd4 Nf6  5. Nc3 a6  6. Bg5 e6  7. f4 Be7  8. Qf3 Qc7  9. O-O-O Nbd7,"If White plays e5 now, what are every capture and discovered attack on f6 and e6?","Against Bg5, the center is tactical because the f6 defender is pinned."
32,6,Najdorf 6.Bg5,2,Play: Classical 6...e6 development,Play,Classical 6...e6 development,8,1. e4 c5  2. Nf3 d6  3. d4 cxd4  4. Nxd4 Nf6  5. Nc3 a6  6. Bg5 e6  7. f4 Be7  8. Qf3 Qc7  9. O-O-O Nbd7,"If White plays e5 now, what are every capture and discovered attack on f6 and e6?","Against Bg5, the center is tactical because the f6 defender is pinned."
33,6,Najdorf 6.Bg5,3,Decode: Poisoned Pawn queen expedition,Decode,Poisoned Pawn queen expedition,12,1. e4 c5  2. Nf3 d6  3. d4 cxd4  4. Nxd4 Nf6  5. Nc3 a6  6. Bg5 e6  7. f4 Qb6  8. Qd2 Qxb2  9. Rb1 Qa3,"Before taking b2, can the queen survive White's forcing sequence and can Black answer the next central break?",A poisoned pawn is safe only after calculating the queen's route home.
34,6,Najdorf 6.Bg5,4,Play: Poisoned Pawn queen expedition,Play,Poisoned Pawn queen expedition,16,1. e4 c5  2. Nf3 d6  3. d4 cxd4  4. Nxd4 Nf6  5. Nc3 a6  6. Bg5 e6  7. f4 Qb6  8. Qd2 Qxb2  9. Rb1 Qa3,"Before taking b2, can the queen survive White's forcing sequence and can Black answer the next central break?",A poisoned pawn is safe only after calculating the queen's route home.
35,6,Najdorf 6.Bg5,5,Decode: The queenside race after long castling,Decode,The queenside race after long castling,20,1. e4 c5  2. Nf3 d6  3. d4 cxd4  4. Nxd4 Nf6  5. Nc3 a6  6. Bg5 e6  7. f4 Be7  8. Qf3 Qc7  9. O-O-O b5  10. e5 Bb7,Is the wing attack faster than White's central forcing line?,The center can end a wing race before the pawns reach their targets.
36,6,Najdorf 6.Bg5,6,Play: The queenside race after long castling,Play,The queenside race after long castling,24,1. e4 c5  2. Nf3 d6  3. d4 cxd4  4. Nxd4 Nf6  5. Nc3 a6  6. Bg5 e6  7. f4 Be7  8. Qf3 Qc7  9. O-O-O b5  10. e5 Bb7,Is the wing attack faster than White's central forcing line?,The center can end a wing race before the pawns reach their targets.
37,7,Positional Najdorf Systems,1,Decode: 6.Be2 and the d5 outpost,Decode,6.Be2 and the d5 outpost,4,1. e4 c5  2. Nf3 d6  3. d4 cxd4  4. Nxd4 Nf6  5. Nc3 a6  6. Be2 e5  7. Nb3 Be7  8. O-O O-O  9. Be3 Be6  10. f4,Which exchange reduces White's control of d5 without creating a new weakness?,"Against Be2, solve d5 first and attack second."
38,7,Positional Najdorf Systems,2,Play: 6.Be2 and the d5 outpost,Play,6.Be2 and the d5 outpost,8,1. e4 c5  2. Nf3 d6  3. d4 cxd4  4. Nxd4 Nf6  5. Nc3 a6  6. Be2 e5  7. Nb3 Be7  8. O-O O-O  9. Be3 Be6  10. f4,Which exchange reduces White's control of d5 without creating a new weakness?,"Against Be2, solve d5 first and attack second."
39,7,Positional Najdorf Systems,3,Decode: 6.g3 kingside fianchetto,Decode,6.g3 kingside fianchetto,12,1. e4 c5  2. Nf3 d6  3. d4 cxd4  4. Nxd4 Nf6  5. Nc3 a6  6. g3 e5  7. Nde2 Be7  8. Bg2 O-O  9. O-O b5,Can Black improve queenside space without weakening the diagonal toward the king?,"Quiet systems still contain a race, but the currency is squares rather than checks."
40,7,Positional Najdorf Systems,4,Play: 6.g3 kingside fianchetto,Play,6.g3 kingside fianchetto,16,1. e4 c5  2. Nf3 d6  3. d4 cxd4  4. Nxd4 Nf6  5. Nc3 a6  6. g3 e5  7. Nde2 Be7  8. Bg2 O-O  9. O-O b5,Can Black improve queenside space without weakening the diagonal toward the king?,"Quiet systems still contain a race, but the currency is squares rather than checks."
41,7,Positional Najdorf Systems,5,Decode: 6.a4 restrains ...b5,Decode,6.a4 restrains ...b5,20,1. e4 c5  2. Nf3 d6  3. d4 cxd4  4. Nxd4 Nf6  5. Nc3 a6  6. a4 e5  7. Nf3 Be7  8. Bc4 O-O  9. O-O Nc6,"If ...b5 is restricted, which central or piece break replaces it?","When a wing plan is restrained, switch fronts; do not force the locked door."
42,7,Positional Najdorf Systems,6,Play: 6.a4 restrains ...b5,Play,6.a4 restrains ...b5,24,1. e4 c5  2. Nf3 d6  3. d4 cxd4  4. Nxd4 Nf6  5. Nc3 a6  6. a4 e5  7. Nf3 Be7  8. Bc4 O-O  9. O-O Nc6,"If ...b5 is restricted, which central or piece break replaces it?","When a wing plan is restrained, switch fronts; do not force the locked door."
43,8,6.Bc4 and Sozin Attacks,1,Decode: The bishop points at f7,Decode,The bishop points at f7,4,1. e4 c5  2. Nf3 d6  3. d4 cxd4  4. Nxd4 Nf6  5. Nc3 a6  6. Bc4 e6  7. Bb3 b5  8. O-O Be7  9. f4 O-O,What happens after Bxe6 or Nxe6 in every candidate position?,"Before expanding, calculate the sacrifice on the base of the center."
44,8,6.Bc4 and Sozin Attacks,2,Play: The bishop points at f7,Play,The bishop points at f7,8,1. e4 c5  2. Nf3 d6  3. d4 cxd4  4. Nxd4 Nf6  5. Nc3 a6  6. Bc4 e6  7. Bb3 b5  8. O-O Be7  9. f4 O-O,What happens after Bxe6 or Nxe6 in every candidate position?,"Before expanding, calculate the sacrifice on the base of the center."
45,8,6.Bc4 and Sozin Attacks,3,Decode: Sozin queenside expansion,Decode,Sozin queenside expansion,12,1. e4 c5  2. Nf3 d6  3. d4 cxd4  4. Nxd4 Nf6  5. Nc3 a6  6. Bc4 b5  7. Bb3 Bb7  8. O-O Nbd7  9. Re1 e6,Does ...b5 create a useful bishop and tempo before White's e5 break lands?,The queenside gain is justified only if it helps answer the central hit.
46,8,6.Bc4 and Sozin Attacks,4,Play: Sozin queenside expansion,Play,Sozin queenside expansion,16,1. e4 c5  2. Nf3 d6  3. d4 cxd4  4. Nxd4 Nf6  5. Nc3 a6  6. Bc4 b5  7. Bb3 Bb7  8. O-O Nbd7  9. Re1 e6,Does ...b5 create a useful bishop and tempo before White's e5 break lands?,The queenside gain is justified only if it helps answer the central hit.
47,8,6.Bc4 and Sozin Attacks,5,Decode: Sozin with controlled castling,Decode,Sozin with controlled castling,20,1. e4 c5  2. Nf3 d6  3. d4 cxd4  4. Nxd4 Nf6  5. Nc3 a6  6. Bc4 e6  7. O-O Be7  8. Bb3 O-O  9. f4 Qc7,"Which white break is actually ready, and what forcing reply meets it?",King safety converts scary-looking sacrifices into calculable lines.
48,8,6.Bc4 and Sozin Attacks,6,Play: Sozin with controlled castling,Play,Sozin with controlled castling,24,1. e4 c5  2. Nf3 d6  3. d4 cxd4  4. Nxd4 Nf6  5. Nc3 a6  6. Bc4 e6  7. O-O Be7  8. Bb3 O-O  9. f4 Qc7,"Which white break is actually ready, and what forcing reply meets it?",King safety converts scary-looking sacrifices into calculable lines.
49,9,Modern Najdorf Sidelines,1,Decode: 6.h3 and the g4 plan,Decode,6.h3 and the g4 plan,4,1. e4 c5  2. Nf3 d6  3. d4 cxd4  4. Nxd4 Nf6  5. Nc3 a6  6. h3 e5  7. Nde2 Be7  8. g4 Be6  9. Bg2,"Has h3 signaled g4, and does ...e5 help or give White the exact d5 route desired?",A waiting move can carry a plan; read what it prevents and prepares.
50,9,Modern Najdorf Sidelines,2,Play: 6.h3 and the g4 plan,Play,6.h3 and the g4 plan,8,1. e4 c5  2. Nf3 d6  3. d4 cxd4  4. Nxd4 Nf6  5. Nc3 a6  6. h3 e5  7. Nde2 Be7  8. g4 Be6  9. Bg2,"Has h3 signaled g4, and does ...e5 help or give White the exact d5 route desired?",A waiting move can carry a plan; read what it prevents and prepares.
51,9,Modern Najdorf Sidelines,3,Decode: 6.f3 without Be3,Decode,6.f3 without Be3,12,1. e4 c5  2. Nf3 d6  3. d4 cxd4  4. Nxd4 Nf6  5. Nc3 a6  6. f3 e5  7. Nb3 Be6  8. Be3 Nbd7  9. Qd2,"Which transposition is White inviting, and can Black choose a version with one useful extra move?","When the opponent stays flexible, improve pieces without making irreversible weaknesses."
52,9,Modern Najdorf Sidelines,4,Play: 6.f3 without Be3,Play,6.f3 without Be3,16,1. e4 c5  2. Nf3 d6  3. d4 cxd4  4. Nxd4 Nf6  5. Nc3 a6  6. f3 e5  7. Nb3 Be6  8. Be3 Nbd7  9. Qd2,"Which transposition is White inviting, and can Black choose a version with one useful extra move?","When the opponent stays flexible, improve pieces without making irreversible weaknesses."
53,9,Modern Najdorf Sidelines,5,Decode: 6.Rg1 and the rook-led storm,Decode,6.Rg1 and the rook-led storm,20,1. e4 c5  2. Nf3 d6  3. d4 cxd4  4. Nxd4 Nf6  5. Nc3 a6  6. Rg1 g6  7. g4 Bg7  8. g5 Nfd7  9. Be3,"Where will the f6 knight go after g5, and does that route improve or disorganize Black's defense?",A rook move in the opening is a warning: identify the file it intends to open.
54,9,Modern Najdorf Sidelines,6,Play: 6.Rg1 and the rook-led storm,Play,6.Rg1 and the rook-led storm,24,1. e4 c5  2. Nf3 d6  3. d4 cxd4  4. Nxd4 Nf6  5. Nc3 a6  6. Rg1 g6  7. g4 Bg7  8. g5 Nfd7  9. Be3,"Where will the f6 knight go after g5, and does that route improve or disorganize Black's defense?",A rook move in the opening is a warning: identify the file it intends to open.
55,10,Closed Sicilian Systems,1,Decode: Fianchetto Closed Sicilian,Decode,Fianchetto Closed Sicilian,4,1. e4 c5  2. Nc3 d6  3. g3 g6  4. Bg2 Bg7  5. d3 Nc6  6. f4 e6  7. Nf3 Nge7,"Can Black play ...d5 now, or which preparatory move makes it safe?","Against a closed wing attack, open the center before the storm arrives."
56,10,Closed Sicilian Systems,2,Play: Fianchetto Closed Sicilian,Play,Fianchetto Closed Sicilian,8,1. e4 c5  2. Nc3 d6  3. g3 g6  4. Bg2 Bg7  5. d3 Nc6  6. f4 e6  7. Nf3 Nge7,"Can Black play ...d5 now, or which preparatory move makes it safe?","Against a closed wing attack, open the center before the storm arrives."
57,10,Closed Sicilian Systems,3,Decode: Botvinnik pawn triangle,Decode,Botvinnik pawn triangle,12,1. e4 c5  2. Nc3 Nc6  3. g3 g6  4. Bg2 Bg7  5. d3 d6  6. f4 e5  7. Nf3 Nge7  8. O-O O-O,"Which square behind White's pawn chain can become an outpost, and which exchange opens it?","A space clamp has squares behind it; attack the base, not the tip."
58,10,Closed Sicilian Systems,4,Play: Botvinnik pawn triangle,Play,Botvinnik pawn triangle,16,1. e4 c5  2. Nc3 Nc6  3. g3 g6  4. Bg2 Bg7  5. d3 d6  6. f4 e5  7. Nf3 Nge7  8. O-O O-O,"Which square behind White's pawn chain can become an outpost, and which exchange opens it?","A space clamp has squares behind it; attack the base, not the tip."
59,10,Closed Sicilian Systems,5,Decode: Early ...d5 equalizer,Decode,Early ...d5 equalizer,20,1. e4 c5  2. Nc3 Nc6  3. g3 g6  4. Bg2 Bg7  5. d3 e6  6. f4 Nge7  7. Nf3 d5,"After each white response to ...d5, which side benefits from the opened files and changed knight squares?",The best answer to a slow flank buildup is often a timely central question.
60,10,Closed Sicilian Systems,6,Play: Early ...d5 equalizer,Play,Early ...d5 equalizer,24,1. e4 c5  2. Nc3 Nc6  3. g3 g6  4. Bg2 Bg7  5. d3 e6  6. f4 Nge7  7. Nf3 d5,"After each white response to ...d5, which side benefits from the opened files and changed knight squares?",The best answer to a slow flank buildup is often a timely central question.
61,11,The Alapin 2.c3,1,Decode: 2...Nf6 attacks e4,Decode,2...Nf6 attacks e4,4,1. e4 c5  2. c3 Nf6  3. e5 Nd5  4. d4 cxd4  5. Nf3 Nc6  6. cxd4 d6,Can Black attack the pawn chain without allowing a tactic on the exposed d5 knight?,"When White builds a center, attack its front and base while developing."
62,11,The Alapin 2.c3,2,Play: 2...Nf6 attacks e4,Play,2...Nf6 attacks e4,8,1. e4 c5  2. c3 Nf6  3. e5 Nd5  4. d4 cxd4  5. Nf3 Nc6  6. cxd4 d6,Can Black attack the pawn chain without allowing a tactic on the exposed d5 knight?,"When White builds a center, attack its front and base while developing."
63,11,The Alapin 2.c3,3,Decode: 2...d5 immediate equality test,Decode,2...d5 immediate equality test,12,1. e4 c5  2. c3 d5  3. exd5 Qxd5  4. d4 Nf6  5. Nf3 e6  6. Be2 Nc6  7. O-O Be7,Where can the queen stand so each white developing move does not attack it again?,The central break works when the queen's recapture has a stable square.
64,11,The Alapin 2.c3,4,Play: 2...d5 immediate equality test,Play,2...d5 immediate equality test,16,1. e4 c5  2. c3 d5  3. exd5 Qxd5  4. d4 Nf6  5. Nf3 e6  6. Be2 Nc6  7. O-O Be7,Where can the queen stand so each white developing move does not attack it again?,The central break works when the queen's recapture has a stable square.
65,11,The Alapin 2.c3,5,Decode: Isolated d-pawn transition,Decode,Isolated d-pawn transition,20,1. e4 c5  2. c3 d5  3. exd5 Qxd5  4. d4 cxd4  5. cxd4 Nc6  6. Nf3 e5  7. Nc3 Bb4,"Can White play d5 with tactical force, and which piece is the best blockader if not?",First stop the pawn's break; only then collect the weakness.
66,11,The Alapin 2.c3,6,Play: Isolated d-pawn transition,Play,Isolated d-pawn transition,24,1. e4 c5  2. c3 d5  3. exd5 Qxd5  4. d4 cxd4  5. cxd4 Nc6  6. Nf3 e5  7. Nc3 Bb4,"Can White play d5 with tactical force, and which piece is the best blockader if not?",First stop the pawn's break; only then collect the weakness.
67,12,Moscow and Rossolimo Systems,1,Decode: Moscow with 3...Bd7,Decode,Moscow with 3...Bd7,4,1. e4 c5  2. Nf3 d6  3. Bb5+ Bd7  4. Bxd7+ Qxd7  5. O-O Nc6  6. c3 Nf6  7. Re1 g6,"After the exchange on d7, does the queen have a useful role or become a target to central tempi?",Keeping the structure is useful only if the queen's recapture does not cost coordination.
68,12,Moscow and Rossolimo Systems,2,Play: Moscow with 3...Bd7,Play,Moscow with 3...Bd7,8,1. e4 c5  2. Nf3 d6  3. Bb5+ Bd7  4. Bxd7+ Qxd7  5. O-O Nc6  6. c3 Nf6  7. Re1 g6,"After the exchange on d7, does the queen have a useful role or become a target to central tempi?",Keeping the structure is useful only if the queen's recapture does not cost coordination.
69,12,Moscow and Rossolimo Systems,3,Decode: Moscow with 3...Nc6,Decode,Moscow with 3...Nc6,12,1. e4 c5  2. Nf3 d6  3. Bb5+ Nc6  4. O-O Bd7  5. Re1 Nf6  6. c3 a6  7. Bf1 g6,"Should Black challenge the bishop now, or is central development more urgent?","A bishop check often asks for a development choice, not a bishop hunt."
70,12,Moscow and Rossolimo Systems,4,Play: Moscow with 3...Nc6,Play,Moscow with 3...Nc6,16,1. e4 c5  2. Nf3 d6  3. Bb5+ Nc6  4. O-O Bd7  5. Re1 Nf6  6. c3 a6  7. Bf1 g6,"Should Black challenge the bishop now, or is central development more urgent?","A bishop check often asks for a development choice, not a bishop hunt."
71,12,Moscow and Rossolimo Systems,5,Decode: Rossolimo doubled c-pawns,Decode,Rossolimo doubled c-pawns,20,1. e4 c5  2. Nf3 Nc6  3. Bb5 g6  4. Bxc6 dxc6  5. d3 Bg7  6. h3 Nf6  7. Nc3 O-O,"Which asset compensates the doubled pawns, and how can it become active before an endgame fixes the weaknesses?",Doubled pawns are weaknesses only when their dynamic compensation is unused.
72,12,Moscow and Rossolimo Systems,6,Play: Rossolimo doubled c-pawns,Play,Rossolimo doubled c-pawns,24,1. e4 c5  2. Nf3 Nc6  3. Bb5 g6  4. Bxc6 dxc6  5. d3 Bg7  6. h3 Nf6  7. Nc3 O-O,"Which asset compensates the doubled pawns, and how can it become active before an endgame fixes the weaknesses?",Doubled pawns are weaknesses only when their dynamic compensation is unused.
73,13,Grand Prix Attack,1,Decode: Grand Prix setup with ...g6,Decode,Grand Prix setup with ...g6,4,1. e4 c5  2. Nc3 d6  3. f4 g6  4. Nf3 Bg7  5. Bb5+ Bd7  6. Bxd7+ Qxd7  7. O-O Nc6,"Which square stops White's attack most efficiently: e5, d4, or the h4 route?","Against the Grand Prix, control the launch squares before chasing the attacking pieces."
74,13,Grand Prix Attack,2,Play: Grand Prix setup with ...g6,Play,Grand Prix setup with ...g6,8,1. e4 c5  2. Nc3 d6  3. f4 g6  4. Nf3 Bg7  5. Bb5+ Bd7  6. Bxd7+ Qxd7  7. O-O Nc6,"Which square stops White's attack most efficiently: e5, d4, or the h4 route?","Against the Grand Prix, control the launch squares before chasing the attacking pieces."
75,13,Grand Prix Attack,3,Decode: The Bb5+ exchange decision,Decode,The Bb5+ exchange decision,12,1. e4 c5  2. Nc3 Nc6  3. f4 g6  4. Nf3 Bg7  5. Bb5 Nd4  6. O-O Nxb5  7. Nxb5 d6,"After each bishop response, who benefits from the resulting knight placement and pawn structure?",Trade attackers when the resulting structure remains playable and active.
76,13,Grand Prix Attack,4,Play: The Bb5+ exchange decision,Play,The Bb5+ exchange decision,16,1. e4 c5  2. Nc3 Nc6  3. f4 g6  4. Nf3 Bg7  5. Bb5 Nd4  6. O-O Nxb5  7. Nxb5 d6,"After each bishop response, who benefits from the resulting knight placement and pawn structure?",Trade attackers when the resulting structure remains playable and active.
77,13,Grand Prix Attack,5,Decode: Central ...d5 against the attack,Decode,Central ...d5 against the attack,20,1. e4 c5  2. Nc3 Nc6  3. f4 g6  4. Nf3 Bg7  5. Bb5 Nd4  6. O-O e6  7. d3 Ne7,"Is ...d5 tactically sound now, and if not, which move makes it unavoidable?",The center is the shortest route to an attacker whose pieces face the wing.
78,13,Grand Prix Attack,6,Play: Central ...d5 against the attack,Play,Central ...d5 against the attack,24,1. e4 c5  2. Nc3 Nc6  3. f4 g6  4. Nf3 Bg7  5. Bb5 Nd4  6. O-O e6  7. d3 Ne7,"Is ...d5 tactically sound now, and if not, which move makes it unavoidable?",The center is the shortest route to an attacker whose pieces face the wing.
79,14,Smith-Morra Gambit,1,Decode: Accepting the gambit,Decode,Accepting the gambit,4,1. e4 c5  2. d4 cxd4  3. c3 dxc3  4. Nxc3 Nc6  5. Nf3 d6  6. Bc4 Nf6  7. O-O e6,Which move develops with defense against White's next forcing threat?,"In a gambit, extra material is stored value; spend it to finish development."
80,14,Smith-Morra Gambit,2,Play: Accepting the gambit,Play,Accepting the gambit,8,1. e4 c5  2. d4 cxd4  3. c3 dxc3  4. Nxc3 Nc6  5. Nf3 d6  6. Bc4 Nf6  7. O-O e6,Which move develops with defense against White's next forcing threat?,"In a gambit, extra material is stored value; spend it to finish development."
81,14,Smith-Morra Gambit,3,Decode: The e5-square blockade,Decode,The e5-square blockade,12,1. e4 c5  2. d4 cxd4  3. c3 dxc3  4. Nxc3 Nc6  5. Nf3 e6  6. Bc4 a6  7. O-O b5  8. Bb3 Bb7,Does the queenside expansion solve a development problem or create one?,A pawn gain survives only behind a completed development shell.
82,14,Smith-Morra Gambit,4,Play: The e5-square blockade,Play,The e5-square blockade,16,1. e4 c5  2. d4 cxd4  3. c3 dxc3  4. Nxc3 Nc6  5. Nf3 e6  6. Bc4 a6  7. O-O b5  8. Bb3 Bb7,Does the queenside expansion solve a development problem or create one?,A pawn gain survives only behind a completed development shell.
83,14,Smith-Morra Gambit,5,Decode: Declining into an Alapin,Decode,Declining into an Alapin,20,1. e4 c5  2. d4 cxd4  3. c3 Nf6  4. e5 Nd5  5. Nf3 e6  6. cxd4 d6  7. Bc4 dxe5,Can Black undermine e5 or d4 without allowing a tactical jump on the centralized knight?,"Declining a gambit means choosing a center you understand, not refusing to fight."
84,14,Smith-Morra Gambit,6,Play: Declining into an Alapin,Play,Declining into an Alapin,24,1. e4 c5  2. d4 cxd4  3. c3 Nf6  4. e5 Nd5  5. Nf3 e6  6. cxd4 d6  7. Bc4 dxe5,Can Black undermine e5 or d4 without allowing a tactical jump on the centralized knight?,"Declining a gambit means choosing a center you understand, not refusing to fight."
85,15,Rare Second Moves and Move-Order Traps,1,Decode: Bowdler bishop development,Decode,Bowdler bishop development,4,1. e4 c5  2. Bc4 e6  3. Nf3 d5  4. exd5 exd5  5. Bb5+ Bd7  6. Qe2+ Be7,Can ...d5 be played without losing the pawn or exposing the king to a forcing check?,"Punish an early bishop move by claiming the center, but calculate the checks."
86,15,Rare Second Moves and Move-Order Traps,2,Play: Bowdler bishop development,Play,Bowdler bishop development,8,1. e4 c5  2. Bc4 e6  3. Nf3 d5  4. exd5 exd5  5. Bb5+ Bd7  6. Qe2+ Be7,Can ...d5 be played without losing the pawn or exposing the king to a forcing check?,"Punish an early bishop move by claiming the center, but calculate the checks."
87,15,Rare Second Moves and Move-Order Traps,3,Decode: Wing Gambit,Decode,Wing Gambit,12,1. e4 c5  2. b4 cxb4  3. a3 d5  4. exd5 Qxd5  5. Nf3 e5  6. axb4 Bxb4,"After accepting, what central move prevents White from building d4 with tempo?",Meet a wing gambit in the center and value time above pawns.
88,15,Rare Second Moves and Move-Order Traps,4,Play: Wing Gambit,Play,Wing Gambit,16,1. e4 c5  2. b4 cxb4  3. a3 d5  4. exd5 Qxd5  5. Nf3 e5  6. axb4 Bxb4,"After accepting, what central move prevents White from building d4 with tempo?",Meet a wing gambit in the center and value time above pawns.
89,15,Rare Second Moves and Move-Order Traps,5,Decode: Delayed c3 and quiet development,Decode,Delayed c3 and quiet development,20,1. e4 c5  2. Nf3 d6  3. c3 Nf6  4. Be2 g6  5. O-O Bg7  6. d3 O-O  7. Re1 Nc6,"Is White still preparing d4, and which black move makes that break less favorable?","Against a delayed center, preserve options and watch the break, not the opening label."
90,15,Rare Second Moves and Move-Order Traps,6,Play: Delayed c3 and quiet development,Play,Delayed c3 and quiet development,24,1. e4 c5  2. Nf3 d6  3. c3 Nf6  4. Be2 g6  5. O-O Bg7  6. d3 O-O  7. Re1 Nc6,"Is White still preparing d4, and which black move makes that break less favorable?","Against a delayed center, preserve options and watch the break, not the opening label."
91,16,Sicilian Tactical Grammar,1,Decode: The Dragon exchange sacrifice on c3,Decode,The Dragon exchange sacrifice on c3,4,1. e4 c5  2. Nf3 d6  3. d4 cxd4  4. Nxd4 Nf6  5. Nc3 g6  6. Be3 Bg7  7. f3 O-O  8. Qd2 Nc6  9. Bc4 Bd7  10. O-O-O Rc8  11. Bb3 Ne5  12. h4 Nc4  13. Bxc4 Rxc4,"After the exchange sacrifice, name the next two forcing moves and the exact compensation.",A thematic sacrifice still needs a forcing continuation and countable compensation.
92,16,Sicilian Tactical Grammar,2,Play: The Dragon exchange sacrifice on c3,Play,The Dragon exchange sacrifice on c3,8,1. e4 c5  2. Nf3 d6  3. d4 cxd4  4. Nxd4 Nf6  5. Nc3 g6  6. Be3 Bg7  7. f3 O-O  8. Qd2 Nc6  9. Bc4 Bd7  10. O-O-O Rc8  11. Bb3 Ne5  12. h4 Nc4  13. Bxc4 Rxc4,"After the exchange sacrifice, name the next two forcing moves and the exact compensation.",A thematic sacrifice still needs a forcing continuation and countable compensation.
93,16,Sicilian Tactical Grammar,3,Decode: The Najdorf ...d5 clearance,Decode,The Najdorf ...d5 clearance,12,1. e4 c5  2. Nf3 d6  3. d4 cxd4  4. Nxd4 Nf6  5. Nc3 a6  6. Be3 e6  7. Qd2 b5  8. f3 Nbd7  9. g4 Bb7  10. O-O-O Rc8  11. Kb1 Ne5,"What opens after ...d5: which rook, bishop, and queen lines appear for both sides?","A clearance break is about the pieces released, not the pawn traded."
94,16,Sicilian Tactical Grammar,4,Play: The Najdorf ...d5 clearance,Play,The Najdorf ...d5 clearance,16,1. e4 c5  2. Nf3 d6  3. d4 cxd4  4. Nxd4 Nf6  5. Nc3 a6  6. Be3 e6  7. Qd2 b5  8. f3 Nbd7  9. g4 Bb7  10. O-O-O Rc8  11. Kb1 Ne5,"What opens after ...d5: which rook, bishop, and queen lines appear for both sides?","A clearance break is about the pieces released, not the pawn traded."
95,16,Sicilian Tactical Grammar,5,Decode: Pawn-storm contact points,Decode,Pawn-storm contact points,20,1. e4 c5  2. Nf3 d6  3. d4 cxd4  4. Nxd4 Nf6  5. Nc3 a6  6. Be3 e6  7. f3 b5  8. g4 h6  9. Qd2 Nbd7  10. O-O-O Bb7  11. h4,"Which pawn contact is forcing, and does it create a line for a piece already aimed at the king?","Pawn storms are decided at contact, not by distance traveled."
96,16,Sicilian Tactical Grammar,6,Play: Pawn-storm contact points,Play,Pawn-storm contact points,24,1. e4 c5  2. Nf3 d6  3. d4 cxd4  4. Nxd4 Nf6  5. Nc3 a6  6. Be3 e6  7. f3 b5  8. g4 h6  9. Qd2 Nbd7  10. O-O-O Bb7  11. h4,"Which pawn contact is forcing, and does it create a line for a piece already aimed at the king?","Pawn storms are decided at contact, not by distance traveled."
97,17,"Defense, Endgames, and Transformations",1,Decode: Trading queens under attack,Decode,Trading queens under attack,4,1. e4 c5  2. Nf3 d6  3. d4 cxd4  4. Nxd4 Nf6  5. Nc3 a6  6. Be2 e5  7. Nb3 Be7  8. O-O O-O  9. Be3 Be6  10. Qd2 Nbd7  11. Rfd1 Rc8,Which exchange removes attacking potential without conceding a superior minor-piece ending?,"Trade the attacker, not the structure that holds your position together."
98,17,"Defense, Endgames, and Transformations",2,Play: Trading queens under attack,Play,Trading queens under attack,8,1. e4 c5  2. Nf3 d6  3. d4 cxd4  4. Nxd4 Nf6  5. Nc3 a6  6. Be2 e5  7. Nb3 Be7  8. O-O O-O  9. Be3 Be6  10. Qd2 Nbd7  11. Rfd1 Rc8,Which exchange removes attacking potential without conceding a superior minor-piece ending?,"Trade the attacker, not the structure that holds your position together."
99,17,"Defense, Endgames, and Transformations",3,Decode: The c-file in queenless play,Decode,The c-file in queenless play,12,1. e4 c5  2. Nf3 d6  3. d4 cxd4  4. Nxd4 Nf6  5. Nc3 a6  6. Be2 e6  7. O-O Be7  8. f4 O-O  9. Kh1 Qc7  10. a4 Nc6  11. Be3 Re8,"What is the rook's entry square, and which minor piece must control it first?",A file is a road; first identify the destination.
100,17,"Defense, Endgames, and Transformations",4,Play: The c-file in queenless play,Play,The c-file in queenless play,16,1. e4 c5  2. Nf3 d6  3. d4 cxd4  4. Nxd4 Nf6  5. Nc3 a6  6. Be2 e6  7. O-O Be7  8. f4 O-O  9. Kh1 Qc7  10. a4 Nc6  11. Be3 Re8,"What is the rook's entry square, and which minor piece must control it first?",A file is a road; first identify the destination.
101,17,"Defense, Endgames, and Transformations",5,Decode: Converting the ...e5 structure,Decode,Converting the ...e5 structure,20,1. e4 c5  2. Nf3 d6  3. d4 cxd4  4. Nxd4 Nf6  5. Nc3 a6  6. Be2 e5  7. Nb3 Be7  8. O-O O-O  9. Be3 Be6  10. Qd2 Nbd7  11. Rfd1 Rc8  12. Rac1,"Which piece is White's ideal occupier of d5, and can Black exchange it before simplification?","In an ...e5 ending, control the outpost before counting the pawns."
102,17,"Defense, Endgames, and Transformations",6,Play: Converting the ...e5 structure,Play,Converting the ...e5 structure,24,1. e4 c5  2. Nf3 d6  3. d4 cxd4  4. Nxd4 Nf6  5. Nc3 a6  6. Be2 e5  7. Nb3 Be7  8. O-O O-O  9. Be3 Be6  10. Qd2 Nbd7  11. Rfd1 Rc8  12. Rac1,"Which piece is White's ideal occupier of d5, and can Black exchange it before simplification?","In an ...e5 ending, control the outpost before counting the pawns."
103,18,A Lifetime Najdorf Repertoire,1,Decode: Main-line rehearsal,Decode,Main-line rehearsal,4,1. e4 c5  2. Nf3 d6  3. d4 cxd4  4. Nxd4 Nf6  5. Nc3 a6  6. Be3 e6  7. f3 b5  8. Qd2 Nbd7  9. g4 h6  10. O-O-O Bb7  11. Kb1 Rc8,"Which move is essential to the position, and which move belongs only to the memorized order?",Store structures and decisions; use move order only to reach them safely.
104,18,A Lifetime Najdorf Repertoire,2,Play: Main-line rehearsal,Play,Main-line rehearsal,8,1. e4 c5  2. Nf3 d6  3. d4 cxd4  4. Nxd4 Nf6  5. Nc3 a6  6. Be3 e6  7. f3 b5  8. Qd2 Nbd7  9. g4 h6  10. O-O-O Bb7  11. Kb1 Rc8,"Which move is essential to the position, and which move belongs only to the memorized order?",Store structures and decisions; use move order only to reach them safely.
105,18,A Lifetime Najdorf Repertoire,3,Decode: Anti-Sicilian decision tree,Decode,Anti-Sicilian decision tree,12,1. e4 c5  2. Nf3 d6  3. Bb5+ Bd7  4. Bxd7+ Qxd7  5. O-O Nc6  6. c3 Nf6  7. Re1 g6  8. d4,"What pawn break is White preparing, and which black move challenges it most directly?",Name White's center first; the anti-Sicilian label comes second.
106,18,A Lifetime Najdorf Repertoire,4,Play: Anti-Sicilian decision tree,Play,Anti-Sicilian decision tree,16,1. e4 c5  2. Nf3 d6  3. Bb5+ Bd7  4. Bxd7+ Qxd7  5. O-O Nc6  6. c3 Nf6  7. Re1 g6  8. d4,"What pawn break is White preparing, and which black move challenges it most directly?",Name White's center first; the anti-Sicilian label comes second.
107,18,A Lifetime Najdorf Repertoire,5,Decode: Repairing the repertoire from your games,Decode,Repairing the repertoire from your games,20,1. e4 c5  2. Nf3 d6  3. d4 cxd4  4. Nxd4 Nf6  5. Nc3 a6  6. Be2 e5  7. Nb3 Be7  8. O-O O-O  9. f4 Be6,"At what move did your reasoning disappear, and what one decision rule would restore it next time?","Repair the first unexplained decision, then test it again."
108,18,A Lifetime Najdorf Repertoire,6,Play: Repairing the repertoire from your games,Play,Repairing the repertoire from your games,24,1. e4 c5  2. Nf3 d6  3. d4 cxd4  4. Nxd4 Nf6  5. Nc3 a6  6. Be2 e5  7. Nb3 Be7  8. O-O O-O  9. f4 Be6,"At what move did your reasoning disappear, and what one decision rule would restore it next time?","Repair the first unexplained decision, then test it again."
